use dbdoar;
INSERT INTO `dbdoar`.`perfil` (`idperfil`, `descricao`) VALUES ('1', 'Administrador');
INSERT INTO `dbdoar`.`perfil` (`idperfil`, `descricao`) VALUES ('2', 'Representante');
INSERT INTO `dbdoar`.`perfil` (`idperfil`, `descricao`) VALUES ('3', 'Doador');

INSERT INTO `dbdoar`.`usuario` (`idusuario`, `login`, `senha`, `idperfil`) VALUES ('1', 'admin', '21232f297a57a5a743894a0e4a801fc3', '1');
INSERT INTO `dbdoar`.`usuario` (`idusuario`, `login`, `senha`, `idperfil`) VALUES ('2', 'danilo', '21232f297a57a5a743894a0e4a801fc3', '1');
INSERT INTO `dbdoar`.`usuario` (`idusuario`, `login`, `senha`, `idperfil`) VALUES ('3', 'erick', '21232f297a57a5a743894a0e4a801fc3', '1');
INSERT INTO `dbdoar`.`usuario` (`idusuario`, `login`, `senha`, `idperfil`) VALUES ('4', 'emerson', '21232f297a57a5a743894a0e4a801fc3', '1');
INSERT INTO `dbdoar`.`usuario` (`idusuario`, `login`, `senha`, `idperfil`) VALUES ('5', 'breno', '21232f297a57a5a743894a0e4a801fc3', '1');
INSERT INTO `dbdoar`.`usuario` (`idusuario`, `login`, `senha`, `idperfil`) VALUES ('6', 'jhonatas', '21232f297a57a5a743894a0e4a801fc3', '1');
INSERT INTO `dbdoar`.`usuario` (`idusuario`, `login`, `senha`, `idperfil`) VALUES ('7', 'Representante1', '202cb962ac59075b964b07152d234b70', '2');
INSERT INTO `dbdoar`.`usuario` (`idusuario`, `login`, `senha`, `idperfil`) VALUES ('8', 'Representante2', '202cb962ac59075b964b07152d234b70', '2');
INSERT INTO `dbdoar`.`usuario` (`idusuario`, `login`, `senha`, `idperfil`) VALUES ('9', 'Doador1', '202cb962ac59075b964b07152d234b70', '3');
INSERT INTO `dbdoar`.`usuario` (`idusuario`, `login`, `senha`, `idperfil`) VALUES ('10', 'Doador2', '202cb962ac59075b964b07152d234b70', '3');
INSERT INTO `dbdoar`.`usuario` (`idusuario`, `login`, `senha`, `idperfil`) VALUES ('11', 'Fernanda Oliveira', '202cb962ac59075b964b07152d234b70', '3');
INSERT INTO `dbdoar`.`usuario` (`idusuario`, `login`, `senha`, `idperfil`) VALUES ('12', 'Lucas Santos', '202cb962ac59075b964b07152d234b70', '3');
INSERT INTO `dbdoar`.`usuario` (`idusuario`, `login`, `senha`, `idperfil`) VALUES ('13', 'Carolina Silva', '202cb962ac59075b964b07152d234b70', '3');
INSERT INTO `dbdoar`.`usuario` (`idusuario`, `login`, `senha`, `idperfil`) VALUES ('14', 'Gustavo Mendes', '202cb962ac59075b964b07152d234b70', '3');
INSERT INTO `dbdoar`.`usuario` (`idusuario`, `login`, `senha`, `idperfil`) VALUES ('15', 'Larissa Rocha', '202cb962ac59075b964b07152d234b70', '3');
INSERT INTO `dbdoar`.`usuario` (`idusuario`, `login`, `senha`, `idperfil`) VALUES ('16', 'Ricardo Oliveira', '202cb962ac59075b964b07152d234b70', '3');
INSERT INTO `dbdoar`.`usuario` (`idusuario`, `login`, `senha`, `idperfil`) VALUES ('17', 'Carolina Silvas', '202cb962ac59075b964b07152d234b70', '3');
INSERT INTO `dbdoar`.`usuario` (`idusuario`, `login`, `senha`, `idperfil`) VALUES ('18', 'Fernando Gomes', '202cb962ac59075b964b07152d234b70', '3');
INSERT INTO `dbdoar`.`usuario` (`idusuario`, `login`, `senha`, `idperfil`) VALUES ('19', 'Amanda Santos', '202cb962ac59075b964b07152d234b70', '3');
INSERT INTO `dbdoar`.`usuario` (`idusuario`, `login`, `senha`, `idperfil`) VALUES ('20', 'Rafaela Pereira', '202cb962ac59075b964b07152d234b70', '3');
INSERT INTO `dbdoar`.`usuario` (`idusuario`, `login`, `senha`, `idperfil`) VALUES ('21', 'Lucas Oliveira', '202cb962ac59075b964b07152d234b70', '3');
INSERT INTO `dbdoar`.`usuario` (`idusuario`, `login`, `senha`, `idperfil`) VALUES ('22', 'Isabela Costa', '202cb962ac59075b964b07152d234b70', '3');
INSERT INTO `dbdoar`.`usuario` (`idusuario`, `login`, `senha`, `idperfil`) VALUES ('23', 'Gustavo Santos', '202cb962ac59075b964b07152d234b70', '3');
INSERT INTO `dbdoar`.`usuario` (`idusuario`, `login`, `senha`, `idperfil`) VALUES ('24', 'Larissa Souza', '202cb962ac59075b964b07152d234b70', '3');
INSERT INTO `dbdoar`.`usuario` (`idusuario`, `login`, `senha`, `idperfil`) VALUES ('25', 'Pedro Almeida', '202cb962ac59075b964b07152d234b70', '3');
INSERT INTO `dbdoar`.`usuario` (`idusuario`, `login`, `senha`, `idperfil`) VALUES ('26', 'Isabela Costas', '202cb962ac59075b964b07152d234b70', '3');
INSERT INTO `dbdoar`.`usuario` (`idusuario`, `login`, `senha`, `idperfil`) VALUES ('27', 'Lucas Rodrigues', '202cb962ac59075b964b07152d234b70', '3');
INSERT INTO `dbdoar`.`usuario` (`idusuario`, `login`, `senha`, `idperfil`) VALUES ('28', 'Mariana Lima', '202cb962ac59075b964b07152d234b70', '3');
INSERT INTO `dbdoar`.`usuario` (`idusuario`, `login`, `senha`, `idperfil`) VALUES ('29', 'Rafaela Santos', '202cb962ac59075b964b07152d234b70', '3');
INSERT INTO `dbdoar`.`usuario` (`idusuario`, `login`, `senha`, `idperfil`) VALUES ('30', 'Carlos Oliveira', '202cb962ac59075b964b07152d234b70', '3');
INSERT INTO `dbdoar`.`usuario` (`idusuario`, `login`, `senha`, `idperfil`) VALUES ('31', 'Larissa Pereira', '202cb962ac59075b964b07152d234b70', '3');
INSERT INTO `dbdoar`.`usuario` (`idusuario`, `login`, `senha`, `idperfil`) VALUES ('32', 'Fernando Silva', '202cb962ac59075b964b07152d234b70', '3');
INSERT INTO `dbdoar`.`usuario` (`idusuario`, `login`, `senha`, `idperfil`) VALUES ('33', 'Camila Rodrigues', '202cb962ac59075b964b07152d234b70', '3');
INSERT INTO `dbdoar`.`usuario` (`idusuario`, `login`, `senha`, `idperfil`) VALUES ('34', 'Gustavo Oliveira', '202cb962ac59075b964b07152d234b70', '3');
INSERT INTO `dbdoar`.`usuario` (`idusuario`, `login`, `senha`, `idperfil`) VALUES ('35', 'Patrícia Santos', '202cb962ac59075b964b07152d234b70', '3');
INSERT INTO `dbdoar`.`usuario` (`idusuario`, `login`, `senha`, `idperfil`) VALUES ('36', 'Felipe Lima', '202cb962ac59075b964b07152d234b70', '3');
INSERT INTO `dbdoar`.`usuario` (`idusuario`, `login`, `senha`, `idperfil`) VALUES ('37', 'Amanda Pereira', '202cb962ac59075b964b07152d234b70', '3');
INSERT INTO `dbdoar`.`usuario` (`idusuario`, `login`, `senha`, `idperfil`) VALUES ('38', 'Rafael Silva', '202cb962ac59075b964b07152d234b70', '3');
INSERT INTO `dbdoar`.`usuario` (`idusuario`, `login`, `senha`, `idperfil`) VALUES ('39', 'Laura Rodrigues', '202cb962ac59075b964b07152d234b70', '3');
INSERT INTO `dbdoar`.`usuario` (`idusuario`, `login`, `senha`, `idperfil`) VALUES ('40', 'Roberto Oliveira', '202cb962ac59075b964b07152d234b70', '3');
INSERT INTO `dbdoar`.`usuario` (`idusuario`, `login`, `senha`, `idperfil`) VALUES ('41', 'Carolina Santos', '202cb962ac59075b964b07152d234b70', '3');
INSERT INTO `dbdoar`.`usuario` (`idusuario`, `login`, `senha`, `idperfil`) VALUES ('42', 'Ricardo Lima', '202cb962ac59075b964b07152d234b70', '3');
INSERT INTO `dbdoar`.`usuario` (`idusuario`, `login`, `senha`, `idperfil`) VALUES ('43', 'Fernanda Pereira', '202cb962ac59075b964b07152d234b70', '3');
INSERT INTO `dbdoar`.`usuario` (`idusuario`, `login`, `senha`, `idperfil`) VALUES ('44', 'Bruno Silva', '202cb962ac59075b964b07152d234b70', '3');
INSERT INTO `dbdoar`.`usuario` (`idusuario`, `login`, `senha`, `idperfil`) VALUES ('45', 'Gabriela Rodrigues', '202cb962ac59075b964b07152d234b70', '3');
INSERT INTO `dbdoar`.`usuario` (`idusuario`, `login`, `senha`, `idperfil`) VALUES ('46', 'Lucah Oliveira', '202cb962ac59075b964b07152d234b70', '3');
INSERT INTO `dbdoar`.`usuario` (`idusuario`, `login`, `senha`, `idperfil`) VALUES ('47', 'Mariana Limas', '202cb962ac59075b964b07152d234b70', '3');
INSERT INTO `dbdoar`.`usuario` (`idusuario`, `login`, `senha`, `idperfil`) VALUES ('48', 'Pedro Santos', '202cb962ac59075b964b07152d234b70', '3');
INSERT INTO `dbdoar`.`usuario` (`idusuario`, `login`, `senha`, `idperfil`) VALUES ('49', 'Larissas Pereira', '202cb962ac59075b964b07152d234b70', '3');
INSERT INTO `dbdoar`.`usuario` (`idusuario`, `login`, `senha`, `idperfil`) VALUES ('50', 'Gustavo Silva', '202cb962ac59075b964b07152d234b70', '3');
INSERT INTO `dbdoar`.`usuario` (`idusuario`, `login`, `senha`, `idperfil`) VALUES ('51', 'Pedro Alvares', '202cb962ac59075b964b07152d234b70', '3');
INSERT INTO `dbdoar`.`usuario` (`idusuario`, `login`, `senha`, `idperfil`) VALUES ('52', 'Machado ', '202cb962ac59075b964b07152d234b70', '3');
INSERT INTO `dbdoar`.`usuario` (`idusuario`, `login`, `senha`, `idperfil`) VALUES ('53', 'kratos', '202cb962ac59075b964b07152d234b70', '3');
INSERT INTO `dbdoar`.`usuario` (`idusuario`, `login`, `senha`, `idperfil`) VALUES ('54', 'akira', '202cb962ac59075b964b07152d234b70', '3');
INSERT INTO `dbdoar`.`usuario` (`idusuario`, `login`, `senha`, `idperfil`) VALUES ('55', 'matpat', '202cb962ac59075b964b07152d234b70', '3');
INSERT INTO `dbdoar`.`usuario` (`idusuario`, `login`, `senha`, `idperfil`) VALUES ('56', 'suntzu', '202cb962ac59075b964b07152d234b70', '3');
INSERT INTO `dbdoar`.`usuario` (`idusuario`, `login`, `senha`, `idperfil`) VALUES ('57', 'jotaro', '202cb962ac59075b964b07152d234b70', '3');
INSERT INTO `dbdoar`.`usuario` (`idusuario`, `login`, `senha`, `idperfil`) VALUES ('58', 'Robin', '202cb962ac59075b964b07152d234b70', '3');
INSERT INTO `dbdoar`.`usuario` (`idusuario`, `login`, `senha`, `idperfil`) VALUES ('59', 'João Silva', '202cb962ac59075b964b07152d234b70', '2');
INSERT INTO `dbdoar`.`usuario` (`idusuario`, `login`, `senha`, `idperfil`) VALUES ('60', 'Ana Santos', '202cb962ac59075b964b07152d234b70', '2');
INSERT INTO `dbdoar`.`usuario` (`idusuario`, `login`, `senha`, `idperfil`) VALUES ('61', 'Pedro Almeidas', '202cb962ac59075b964b07152d234b70', '2');
INSERT INTO `dbdoar`.`usuario` (`idusuario`, `login`, `senha`, `idperfil`) VALUES ('62', 'Mariana Costa', '202cb962ac59075b964b07152d234b70', '2');
INSERT INTO `dbdoar`.`usuario` (`idusuario`, `login`, `senha`, `idperfil`) VALUES ('63', 'Luca Oliveira', '202cb962ac59075b964b07152d234b70', '2');
INSERT INTO `dbdoar`.`usuario` (`idusuario`, `login`, `senha`, `idperfil`) VALUES ('64', 'Camila Pereira', '202cb962ac59075b964b07152d234b70', '2');
INSERT INTO `dbdoar`.`usuario` (`idusuario`, `login`, `senha`, `idperfil`) VALUES ('65', 'Carlos Mendes', '202cb962ac59075b964b07152d234b70', '2');
INSERT INTO `dbdoar`.`usuario` (`idusuario`, `login`, `senha`, `idperfil`) VALUES ('66', 'Fernanda Rodrigues', '202cb962ac59075b964b07152d234b70', '2');
INSERT INTO `dbdoar`.`usuario` (`idusuario`, `login`, `senha`, `idperfil`) VALUES ('67', 'Gustavo Lima', '202cb962ac59075b964b07152d234b70', '2');
INSERT INTO `dbdoar`.`usuario` (`idusuario`, `login`, `senha`, `idperfil`) VALUES ('68', 'Bianca Ferreira', '202cb962ac59075b964b07152d234b70', '2');
INSERT INTO `dbdoar`.`usuario` (`idusuario`, `login`, `senha`, `idperfil`) VALUES ('69', 'Rafael Santos', '202cb962ac59075b964b07152d234b70', '2');
INSERT INTO `dbdoar`.`usuario` (`idusuario`, `login`, `senha`, `idperfil`) VALUES ('70', 'Amanda Oliveira', '202cb962ac59075b964b07152d234b70', '2');
INSERT INTO `dbdoar`.`usuario` (`idusuario`, `login`, `senha`, `idperfil`) VALUES ('71', 'Rodrigo Costa', '202cb962ac59075b964b07152d234b70', '2');
INSERT INTO `dbdoar`.`usuario` (`idusuario`, `login`, `senha`, `idperfil`) VALUES ('72', 'Isabela Santos', '202cb962ac59075b964b07152d234b70', '2');
INSERT INTO `dbdoar`.`usuario` (`idusuario`, `login`, `senha`, `idperfil`) VALUES ('73', 'Vinicius Lima', '202cb962ac59075b964b07152d234b70', '2');
INSERT INTO `dbdoar`.`usuario` (`idusuario`, `login`, `senha`, `idperfil`) VALUES ('74', 'Larissa Rodrigues', '202cb962ac59075b964b07152d234b70', '2');
INSERT INTO `dbdoar`.`usuario` (`idusuario`, `login`, `senha`, `idperfil`) VALUES ('75', 'Pedro Fernandes', '202cb962ac59075b964b07152d234b70', '2');
INSERT INTO `dbdoar`.`usuario` (`idusuario`, `login`, `senha`, `idperfil`) VALUES ('76', 'Camila Oliveira', '202cb962ac59075b964b07152d234b70', '2');
INSERT INTO `dbdoar`.`usuario` (`idusuario`, `login`, `senha`, `idperfil`) VALUES ('77', 'Lucas Pereira', '202cb962ac59075b964b07152d234b70', '2');
INSERT INTO `dbdoar`.`usuario` (`idusuario`, `login`, `senha`, `idperfil`) VALUES ('78', 'Isabela Souza', '202cb962ac59075b964b07152d234b70', '2');
INSERT INTO `dbdoar`.`usuario` (`idusuario`, `login`, `senha`, `idperfil`) VALUES ('79', 'Rafaela Martins', '202cb962ac59075b964b07152d234b70', '2');
INSERT INTO `dbdoar`.`usuario` (`idusuario`, `login`, `senha`, `idperfil`) VALUES ('80', 'Gustavo Ferreira', '202cb962ac59075b964b07152d234b70', '2');
INSERT INTO `dbdoar`.`usuario` (`idusuario`, `login`, `senha`, `idperfil`) VALUES ('81', 'Marian Limas', '202cb962ac59075b964b07152d234b70', '2');
INSERT INTO `dbdoar`.`usuario` (`idusuario`, `login`, `senha`, `idperfil`) VALUES ('82', 'João Rodrigues', '202cb962ac59075b964b07152d234b70', '2');
INSERT INTO `dbdoar`.`usuario` (`idusuario`, `login`, `senha`, `idperfil`) VALUES ('83', 'Carolinas Santos', '202cb962ac59075b964b07152d234b70', '2');
INSERT INTO `dbdoar`.`usuario` (`idusuario`, `login`, `senha`, `idperfil`) VALUES ('84', 'Pedro Lima', '202cb962ac59075b964b07152d234b70', '2');
INSERT INTO `dbdoar`.`usuario` (`idusuario`, `login`, `senha`, `idperfil`) VALUES ('85', 'Ana Oliveira', '202cb962ac59075b964b07152d234b70', '2');
INSERT INTO `dbdoar`.`usuario` (`idusuario`, `login`, `senha`, `idperfil`) VALUES ('86', 'Lucas Fernandes', '202cb962ac59075b964b07152d234b70', '2');
INSERT INTO `dbdoar`.`usuario` (`idusuario`, `login`, `senha`, `idperfil`) VALUES ('87', 'Mariana Silva', '202cb962ac59075b964b07152d234b70', '2');
INSERT INTO `dbdoar`.`usuario` (`idusuario`, `login`, `senha`, `idperfil`) VALUES ('88', 'Gabriel Souza', '202cb962ac59075b964b07152d234b70', '2');
INSERT INTO `dbdoar`.`usuario` (`idusuario`, `login`, `senha`, `idperfil`) VALUES ('89', 'Isabela Santo', '202cb962ac59075b964b07152d234b70', '2');
INSERT INTO `dbdoar`.`usuario` (`idusuario`, `login`, `senha`, `idperfil`) VALUES ('90', 'Rafaela Ferreira', '202cb962ac59075b964b07152d234b70', '2');
INSERT INTO `dbdoar`.`usuario` (`idusuario`, `login`, `senha`, `idperfil`) VALUES ('91', 'Gustavo Oliveiras', '202cb962ac59075b964b07152d234b70', '2');
INSERT INTO `dbdoar`.`usuario` (`idusuario`, `login`, `senha`, `idperfil`) VALUES ('92', 'Mariana Rodrigues', '202cb962ac59075b964b07152d234b70', '2');
INSERT INTO `dbdoar`.`usuario` (`idusuario`, `login`, `senha`, `idperfil`) VALUES ('93', 'João Silvah', '202cb962ac59075b964b07152d234b70', '2');
INSERT INTO `dbdoar`.`usuario` (`idusuario`, `login`, `senha`, `idperfil`) VALUES ('94', 'Carolina Oliveira', '202cb962ac59075b964b07152d234b70', '2');
INSERT INTO `dbdoar`.`usuario` (`idusuario`, `login`, `senha`, `idperfil`) VALUES ('95', 'Pedro Rodrigues', '202cb962ac59075b964b07152d234b70', '2');
INSERT INTO `dbdoar`.`usuario` (`idusuario`, `login`, `senha`, `idperfil`) VALUES ('96', 'Anah Santos', '202cb962ac59075b964b07152d234b70', '2');
INSERT INTO `dbdoar`.`usuario` (`idusuario`, `login`, `senha`, `idperfil`) VALUES ('97', 'Lucas Ferreira', '202cb962ac59075b964b07152d234b70', '2');
INSERT INTO `dbdoar`.`usuario` (`idusuario`, `login`, `senha`, `idperfil`) VALUES ('98', 'Mariana Oliveira', '202cb962ac59075b964b07152d234b70', '2');
INSERT INTO `dbdoar`.`usuario` (`idusuario`, `login`, `senha`, `idperfil`) VALUES ('99', 'Gabriel Santos', '202cb962ac59075b964b07152d234b70', '2');
INSERT INTO `dbdoar`.`usuario` (`idusuario`, `login`, `senha`, `idperfil`) VALUES ('100', 'Isabela Ferreira', '202cb962ac59075b964b07152d234b70', '2');
INSERT INTO `dbdoar`.`usuario` (`idusuario`, `login`, `senha`, `idperfil`) VALUES ('101', 'Rafaela Oliveira', '202cb962ac59075b964b07152d234b70', '2');
INSERT INTO `dbdoar`.`usuario` (`idusuario`, `login`, `senha`, `idperfil`) VALUES ('102', 'Gustavo Rodrigues', '202cb962ac59075b964b07152d234b70', '2');
INSERT INTO `dbdoar`.`usuario` (`idusuario`, `login`, `senha`, `idperfil`) VALUES ('103', 'Mariana Santos', '202cb962ac59075b964b07152d234b70', '2');
INSERT INTO `dbdoar`.`usuario` (`idusuario`, `login`, `senha`, `idperfil`) VALUES ('104', 'João Ferreira', '202cb962ac59075b964b07152d234b70', '2');
INSERT INTO `dbdoar`.`usuario` (`idusuario`, `login`, `senha`, `idperfil`) VALUES ('105', 'Carolina Rodrigues', '202cb962ac59075b964b07152d234b70', '2');
INSERT INTO `dbdoar`.`usuario` (`idusuario`, `login`, `senha`, `idperfil`) VALUES ('106', 'Pedros Santos', '202cb962ac59075b964b07152d234b70', '2');
INSERT INTO `dbdoar`.`usuario` (`idusuario`, `login`, `senha`, `idperfil`) VALUES ('107', 'Ana Ferreira', '202cb962ac59075b964b07152d234b70', '2');
INSERT INTO `dbdoar`.`usuario` (`idusuario`, `login`, `senha`, `idperfil`) VALUES ('108', 'Lucas Oliveiras', '202cb962ac59075b964b07152d234b70', '2');

INSERT INTO `dbdoar`.`instituto` (`idinstituto`, `nomeinstituto`, `emailinstituto`, `telefoneinstituto`, `enderecoinstituto`) VALUES ('1', 'ESCOLA TÉCNICA DE CEILÂNDIA', 'etc@se.df.gov.br', '61-3901-7545', 'EQNN 14 Área Especial S/ Nº- Ceilândia Sul - DF');
INSERT INTO `dbdoar`.`instituto` (`idinstituto`, `nomeinstituto`, `emailinstituto`, `telefoneinstituto`, `enderecoinstituto`) VALUES ('2', 'cef 1', 'cef1@cef1', '32-123-1234', 'aqui');
INSERT INTO `dbdoar`.`instituto` (`idinstituto`, `nomeinstituto`, `emailinstituto`, `telefoneinstituto`, `enderecoinstituto`) VALUES ('3', 'cef2', 'cef2@cef2', '32-122-1234', 'bem ali');
INSERT INTO `dbdoar`.`instituto` (`idinstituto`, `nomeinstituto`, `emailinstituto`, `telefoneinstituto`, `enderecoinstituto`) VALUES ('4', 'cem3', 'cem3@email.com', '32-123-1235', 'ali do lado');
INSERT INTO `dbdoar`.`instituto` (`idinstituto`, `nomeinstituto`, `emailinstituto`, `telefoneinstituto`, `enderecoinstituto`) VALUES ('5', 'Universidade A', 'universidadea@example.com', '61-1234-5678', 'Rua do Exemplo, 123, Cidade A');
INSERT INTO `dbdoar`.`instituto` (`idinstituto`, `nomeinstituto`, `emailinstituto`, `telefoneinstituto`, `enderecoinstituto`) VALUES ('6', 'Universidade B', 'universidadeb@example.com', '61-9876-5432', 'Avenida da Amostra, 456, Cidade B');
INSERT INTO `dbdoar`.`instituto` (`idinstituto`, `nomeinstituto`, `emailinstituto`, `telefoneinstituto`, `enderecoinstituto`) VALUES ('7', 'Universidade C', 'universidadec@example.com', '61-2468-1357', 'Travessa do Teste, 789, Cidade C');
INSERT INTO `dbdoar`.`instituto` (`idinstituto`, `nomeinstituto`, `emailinstituto`, `telefoneinstituto`, `enderecoinstituto`) VALUES ('8', 'Universidade D', 'universidaded@example.com', '61-8642-3715', 'Praça da Prova, 321, Cidade D');
INSERT INTO `dbdoar`.`instituto` (`idinstituto`, `nomeinstituto`, `emailinstituto`, `telefoneinstituto`, `enderecoinstituto`) VALUES ('9', 'Universidade E', 'universidadee@example.com', '61-1357-2468', 'Alameda da Avaliação, 654, Cidade E');
INSERT INTO `dbdoar`.`instituto` (`idinstituto`, `nomeinstituto`, `emailinstituto`, `telefoneinstituto`, `enderecoinstituto`) VALUES ('10', 'Universidade F', 'universidadef@example.com', '61-3691-2580', 'Rodovia do Resultado, 987, Cidade F');
INSERT INTO `dbdoar`.`instituto` (`idinstituto`, `nomeinstituto`, `emailinstituto`, `telefoneinstituto`, `enderecoinstituto`) VALUES ('11', 'Universidade G', 'universidadeg@example.com', '61-9876-5432', 'Largo do Laboratório, 654, Cidade G');
INSERT INTO `dbdoar`.`instituto` (`idinstituto`, `nomeinstituto`, `emailinstituto`, `telefoneinstituto`, `enderecoinstituto`) VALUES ('12', 'Universidade H', 'universidadeh@example.com', '61-6543-9876', 'Estrada da Experiência, 321, Cidade H');
INSERT INTO `dbdoar`.`instituto` (`idinstituto`, `nomeinstituto`, `emailinstituto`, `telefoneinstituto`, `enderecoinstituto`) VALUES ('13', 'Universidade I', 'universidadei@example.com', '61-1234-5678', 'Viela da Verificação, 789, Cidade I');
INSERT INTO `dbdoar`.`instituto` (`idinstituto`, `nomeinstituto`, `emailinstituto`, `telefoneinstituto`, `enderecoinstituto`) VALUES ('14', 'Universidade J', 'universidadej@example.com', '61-0000-0000', 'Passagem do Projeto, 123, Cidade J');
INSERT INTO `dbdoar`.`instituto` (`idinstituto`, `nomeinstituto`, `emailinstituto`, `telefoneinstituto`, `enderecoinstituto`) VALUES ('15', 'Universidade K', 'universidadek@example.com', '61-1111-1111', 'Avenida do Conhecimento, 456, Cidade K');
INSERT INTO `dbdoar`.`instituto` (`idinstituto`, `nomeinstituto`, `emailinstituto`, `telefoneinstituto`, `enderecoinstituto`) VALUES ('16', 'Universidade L', 'universidadel@example.com', '61-2222-2222', 'Rua da Pesquisa, 789, Cidade L');
INSERT INTO `dbdoar`.`instituto` (`idinstituto`, `nomeinstituto`, `emailinstituto`, `telefoneinstituto`, `enderecoinstituto`) VALUES ('17', 'Universidade M', 'universidadem@example.com', '61-3333-3333', 'Travessa da Inovação, 321, Cidade M');
INSERT INTO `dbdoar`.`instituto` (`idinstituto`, `nomeinstituto`, `emailinstituto`, `telefoneinstituto`, `enderecoinstituto`) VALUES ('18', 'Universidade N', 'universidaden@example.com', '61-4444-4444', 'Avenida do Futuro, 654, Cidade N');
INSERT INTO `dbdoar`.`instituto` (`idinstituto`, `nomeinstituto`, `emailinstituto`, `telefoneinstituto`, `enderecoinstituto`) VALUES ('19', 'Universidade O', 'universidadeo@example.com', '61-5555-5555', 'Rua da Tecnologia, 987, Cidade O');
INSERT INTO `dbdoar`.`instituto` (`idinstituto`, `nomeinstituto`, `emailinstituto`, `telefoneinstituto`, `enderecoinstituto`) VALUES ('20', 'Universidade P', 'universidadep@example.com', '61-6666-6666', 'Praça da Inovação, 789, Cidade P');
INSERT INTO `dbdoar`.`instituto` (`idinstituto`, `nomeinstituto`, `emailinstituto`, `telefoneinstituto`, `enderecoinstituto`) VALUES ('21', 'Universidade Q', 'universidadeq@example.com', '61-7777-7777', 'Travessa da Pesquisa, 321, Cidade Q');
INSERT INTO `dbdoar`.`instituto` (`idinstituto`, `nomeinstituto`, `emailinstituto`, `telefoneinstituto`, `enderecoinstituto`) VALUES ('22', 'Universidade R', 'universidader@example.com', '61-8888-8888', 'Rua da Inovação, 654, Cidade R');
INSERT INTO `dbdoar`.`instituto` (`idinstituto`, `nomeinstituto`, `emailinstituto`, `telefoneinstituto`, `enderecoinstituto`) VALUES ('23', 'Universidade S', 'universidades@example.com', '61-9999-9999', 'Avenida do Conhecimento, 123, Cidade S');
INSERT INTO `dbdoar`.`instituto` (`idinstituto`, `nomeinstituto`, `emailinstituto`, `telefoneinstituto`, `enderecoinstituto`) VALUES ('24', 'Universidade T', 'universidadet@example.com', '61-0000-1111', 'Rua da Pesquisa, 456, Cidade T');
INSERT INTO `dbdoar`.`instituto` (`idinstituto`, `nomeinstituto`, `emailinstituto`, `telefoneinstituto`, `enderecoinstituto`) VALUES ('25', 'Universidade U', 'universidadeu@example.com', '61-1111-2222', 'Travessa da Inovação, 789, Cidade U');
INSERT INTO `dbdoar`.`instituto` (`idinstituto`, `nomeinstituto`, `emailinstituto`, `telefoneinstituto`, `enderecoinstituto`) VALUES ('26', 'Universidade V', 'universidadev@example.com', '61-2222-3333', 'Avenida do Futuro, 321, Cidade V');
INSERT INTO `dbdoar`.`instituto` (`idinstituto`, `nomeinstituto`, `emailinstituto`, `telefoneinstituto`, `enderecoinstituto`) VALUES ('27', 'Universidade W', 'universidadew@example.com', '61-3333-4444', 'Rua da Tecnologia, 654, Cidade W');
INSERT INTO `dbdoar`.`instituto` (`idinstituto`, `nomeinstituto`, `emailinstituto`, `telefoneinstituto`, `enderecoinstituto`) VALUES ('28', 'Universidade X', 'universidadex@example.com', '61-4444-5555', 'Praça da Inovação, 987, Cidade X');
INSERT INTO `dbdoar`.`instituto` (`idinstituto`, `nomeinstituto`, `emailinstituto`, `telefoneinstituto`, `enderecoinstituto`) VALUES ('29', 'Universidade Y', 'universidadey@example.com', '61-5555-6666', 'Travessa da Pesquisa, 123, Cidade Y');
INSERT INTO `dbdoar`.`instituto` (`idinstituto`, `nomeinstituto`, `emailinstituto`, `telefoneinstituto`, `enderecoinstituto`) VALUES ('30', 'Universidade Z', 'universidadez@example.com', '61-6666-7777', 'Rua da Inovação, 456, Cidade Z');
INSERT INTO `dbdoar`.`instituto` (`idinstituto`, `nomeinstituto`, `emailinstituto`, `telefoneinstituto`, `enderecoinstituto`) VALUES ('31', 'Universidade AA', 'universidadeaa@example.com', '61-7777-8888', 'Avenida do Conhecimento, 789, Cidade AA');
INSERT INTO `dbdoar`.`instituto` (`idinstituto`, `nomeinstituto`, `emailinstituto`, `telefoneinstituto`, `enderecoinstituto`) VALUES ('32', 'Universidade BB', 'universidadebb@example.com', '61-8888-9999', 'Rua da Pesquisa, 321, Cidade BB');
INSERT INTO `dbdoar`.`instituto` (`idinstituto`, `nomeinstituto`, `emailinstituto`, `telefoneinstituto`, `enderecoinstituto`) VALUES ('33', 'Universidade CC', 'universidadecc@example.com', '61-9999-0000', 'Travessa da Inovação, 654, Cidade CC');
INSERT INTO `dbdoar`.`instituto` (`idinstituto`, `nomeinstituto`, `emailinstituto`, `telefoneinstituto`, `enderecoinstituto`) VALUES ('34', 'Universidade DD', 'universidadedd@example.com', '61-0000-1111', 'Avenida do Futuro, 123, Cidade DD');
INSERT INTO `dbdoar`.`instituto` (`idinstituto`, `nomeinstituto`, `emailinstituto`, `telefoneinstituto`, `enderecoinstituto`) VALUES ('35', 'Universidade EE', 'universidadeee@example.com', '61-1111-2222', 'Rua da Tecnologia, 456, Cidade EE');
INSERT INTO `dbdoar`.`instituto` (`idinstituto`, `nomeinstituto`, `emailinstituto`, `telefoneinstituto`, `enderecoinstituto`) VALUES ('36', 'Universidade FF', 'universidadeff@example.com', '61-2222-3333', 'Praça da Inovação, 789, Cidade FF');
INSERT INTO `dbdoar`.`instituto` (`idinstituto`, `nomeinstituto`, `emailinstituto`, `telefoneinstituto`, `enderecoinstituto`) VALUES ('37', 'Universidade GG', 'universidadegg@example.com', '61-3333-4444', 'Travessa da Pesquisa, 321, Cidade GG');
INSERT INTO `dbdoar`.`instituto` (`idinstituto`, `nomeinstituto`, `emailinstituto`, `telefoneinstituto`, `enderecoinstituto`) VALUES ('38', 'Universidade HH', 'universidadehh@example.com', '61-4444-5555', 'Rua da Inovação, 654, Cidade HH');
INSERT INTO `dbdoar`.`instituto` (`idinstituto`, `nomeinstituto`, `emailinstituto`, `telefoneinstituto`, `enderecoinstituto`) VALUES ('39', 'Universidade II', 'universidadeii@example.com', '61-5555-6666', 'Avenida do Conhecimento, 987, Cidade II');
INSERT INTO `dbdoar`.`instituto` (`idinstituto`, `nomeinstituto`, `emailinstituto`, `telefoneinstituto`, `enderecoinstituto`) VALUES ('40', 'Universidade JJ', 'universidadejj@example.com', '61-6666-7777', 'Rua da Pesquisa, 123, Cidade JJ');
INSERT INTO `dbdoar`.`instituto` (`idinstituto`, `nomeinstituto`, `emailinstituto`, `telefoneinstituto`, `enderecoinstituto`) VALUES ('41', 'Universidade KK', 'universidadekk@example.com', '61-7777-8888', 'Travessa da Inovação, 456, Cidade KK');
INSERT INTO `dbdoar`.`instituto` (`idinstituto`, `nomeinstituto`, `emailinstituto`, `telefoneinstituto`, `enderecoinstituto`) VALUES ('42', 'Universidade LL', 'universidadell@example.com', '61-8888-9999', 'Avenida do Futuro, 789, Cidade LL');
INSERT INTO `dbdoar`.`instituto` (`idinstituto`, `nomeinstituto`, `emailinstituto`, `telefoneinstituto`, `enderecoinstituto`) VALUES ('43', 'Universidade MM', 'universidademm@example.com', '61-9999-0000', 'Rua da Tecnologia, 321, Cidade MM');
INSERT INTO `dbdoar`.`instituto` (`idinstituto`, `nomeinstituto`, `emailinstituto`, `telefoneinstituto`, `enderecoinstituto`) VALUES ('44', 'Universidade NN', 'universidadenn@example.com', '61-0000-1111', 'Praça da Inovação, 654, Cidade NN');
INSERT INTO `dbdoar`.`instituto` (`idinstituto`, `nomeinstituto`, `emailinstituto`, `telefoneinstituto`, `enderecoinstituto`) VALUES ('45', 'Universidade OO', 'universidadeoo@example.com', '61-1111-2222', 'Travessa da Pesquisa, 987, Cidade OO');
INSERT INTO `dbdoar`.`instituto` (`idinstituto`, `nomeinstituto`, `emailinstituto`, `telefoneinstituto`, `enderecoinstituto`) VALUES ('46', 'Universidade PP', 'universidadepp@example.com', '61-2222-3333', 'Rua da Inovação, 123, Cidade PP');
INSERT INTO `dbdoar`.`instituto` (`idinstituto`, `nomeinstituto`, `emailinstituto`, `telefoneinstituto`, `enderecoinstituto`) VALUES ('47', 'Universidade QQ', 'universidadeqq@example.com', '61-3333-4444', 'Avenida do Conhecimento, 456, Cidade QQ');
INSERT INTO `dbdoar`.`instituto` (`idinstituto`, `nomeinstituto`, `emailinstituto`, `telefoneinstituto`, `enderecoinstituto`) VALUES ('48', 'Universidade RR', 'universidaderr@example.com', '61-4444-5555', 'Rua da Pesquisa, 789, Cidade RR');
INSERT INTO `dbdoar`.`instituto` (`idinstituto`, `nomeinstituto`, `emailinstituto`, `telefoneinstituto`, `enderecoinstituto`) VALUES ('49', 'Universidade SS', 'universidadess@example.com', '61-5555-6666', 'Travessa da Inovação, 123, Cidade SS');
INSERT INTO `dbdoar`.`instituto` (`idinstituto`, `nomeinstituto`, `emailinstituto`, `telefoneinstituto`, `enderecoinstituto`) VALUES ('50', 'Universidade TT', 'universidadett@example.com', '61-6666-7777', 'Avenida do Futuro, 456, Cidade TT');

INSERT INTO `representante` (`idrepresentante`, `nomerep`, `cpfrep`, `rgrep`, `dtnascrep`, `enderecorep`, `emailrep`, `telefonerep`, `sexo`, `idinstituto`, `idusuario`) VALUES ('1', 'representante1', '87435948080', '3445543', '2000-05-07', 'Quadra SHIS QI 23 Conjunto 1', 'Repre1@gmail.com', '61470138028', 'Masculino', '1', '7');
INSERT INTO `representante` (`idrepresentante`, `nomerep`, `cpfrep`, `rgrep`, `dtnascrep`, `enderecorep`, `emailrep`, `telefonerep`, `sexo`, `idinstituto`, `idusuario`) VALUES ('2', 'representante2', '58398098023', '4638450', '2002-12-13', 'Quadra CL 209 Bloco G', 'Repre2@gmail.com', '61260718778', 'Feminino', '2', '8');

INSERT INTO `doador` (`cpfdoador`, `rgdoador`, `nomedoador`, `telefonedoador`, `emaildoador`, `enderecodoador`, `dtnascdoador`, `idusuario`) VALUES ('03760625096', '3139972', 'doador1', '61846342303', 'doador1@gmail.com', 'Quadra Quadra 3 Conjunto B', '2001-07-01', '9');
INSERT INTO `doador` (`cpfdoador`, `rgdoador`, `nomedoador`, `telefonedoador`, `emaildoador`, `enderecodoador`, `dtnascdoador`, `idusuario`) VALUES ('62943212040', '2195545', 'doador2', '61549599691', 'doador2@gmail.com', 'Quadra Quadra 12 Rua F', '1998-03-015', '10');
INSERT INTO `doador` (`cpfdoador`, `rgdoador`, `nomedoador`, `telefonedoador`, `emaildoador`, `enderecodoador`, `dtnascdoador`, `idusuario`) VALUES ('79248153691', '5678012', 'Fernanda Oliveira', '61949234567', 'fernanda.oliveira@example.com', 'Rua dos Girassóis, 123', '1992-08-03', '11');
INSERT INTO `doador` (`cpfdoador`, `rgdoador`, `nomedoador`, `telefonedoador`, `emaildoador`, `enderecodoador`, `dtnascdoador`, `idusuario`) VALUES ('20395768142', '6789123', 'Lucas Santos', '61949123456', 'lucas.santos@example.com', 'Avenida das Palmeiras, 456', '1988-05-15', '12');
INSERT INTO `doador` (`cpfdoador`, `rgdoador`, `nomedoador`, `telefonedoador`, `emaildoador`, `enderecodoador`, `dtnascdoador`, `idusuario`) VALUES ('60728319456', '7891234', 'Carolina Silva', '61949786543', 'carolina.silva@example.com', 'Rua das Orquídeas, 789', '1995-11-27', '13');
INSERT INTO `doador` (`cpfdoador`, `rgdoador`, `nomedoador`, `telefonedoador`, `emaildoador`, `enderecodoador`, `dtnascdoador`, `idusuario`) VALUES ('47569213847', '8912345', 'Gustavo Mendes', '61949678912', 'gustavo.mendes@example.com', 'Rua das Tulipas, 987', '1979-07-09', '14');
INSERT INTO `doador` (`cpfdoador`, `rgdoador`, `nomedoador`, `telefonedoador`, `emaildoador`, `enderecodoador`, `dtnascdoador`, `idusuario`) VALUES ('18346975280', '9123456', 'Larissa Rocha', '61949345678', 'larissa.rocha@example.com', 'Avenida dos Lírios, 654', '1984-02-18', '15');
INSERT INTO `doador` (`cpfdoador`, `rgdoador`, `nomedoador`, `telefonedoador`, `emaildoador`, `enderecodoador`, `dtnascdoador`, `idusuario`) VALUES ('93487652019', '1234567', 'Ricardo Oliveira', '61949876543', 'ricardo.oliveira@example.com', 'Rua das Margaridas, 321', '1971-12-05', '16');
INSERT INTO `doador` (`cpfdoador`, `rgdoador`, `nomedoador`, `telefonedoador`, `emaildoador`, `enderecodoador`, `dtnascdoador`, `idusuario`) VALUES ('57203684930', '2345678', 'Carolina Silvas', '61949123456', 'carolina.silvas@example.com', 'Rua das Orquídeas, 789', '1990-09-22', '17');
INSERT INTO `doador` (`cpfdoador`, `rgdoador`, `nomedoador`, `telefonedoador`, `emaildoador`, `enderecodoador`, `dtnascdoador`, `idusuario`) VALUES ('31946725806', '3456789', 'Fernando Gomes', '61949765432', 'fernando.gomes@example.com', 'Avenida das Rosas, 987', '1976-04-13', '18');
INSERT INTO `doador` (`cpfdoador`, `rgdoador`, `nomedoador`, `telefonedoador`, `emaildoador`, `enderecodoador`, `dtnascdoador`, `idusuario`) VALUES ('86129570384', '4567890', 'Amanda Santos', '61949234567', 'amanda.santos@example.com', 'Rua dos Girassóis, 654', '1988-11-27', '19');
INSERT INTO `doador` (`cpfdoador`, `rgdoador`, `nomedoador`, `telefonedoador`, `emaildoador`, `enderecodoador`, `dtnascdoador`, `idusuario`) VALUES ('48675329180', '5678901', 'Rafaela Pereira', '61949876543', 'rafaela.pereira@example.com', 'Avenida das Margaridas, 321', '1992-07-19', '20');
INSERT INTO `doador` (`cpfdoador`, `rgdoador`, `nomedoador`, `telefonedoador`, `emaildoador`, `enderecodoador`, `dtnascdoador`, `idusuario`) VALUES ('92710854673', '6789012', 'Lucas Oliveira', '61949345678', 'lucas.oliveira@example.com', 'Rua das Violetas, 987', '1985-12-04', '21');
INSERT INTO `doador` (`cpfdoador`, `rgdoador`, `nomedoador`, `telefonedoador`, `emaildoador`, `enderecodoador`, `dtnascdoador`, `idusuario`) VALUES ('31270985364', '7890123', 'Isabela Costa', '61949456789', 'isabela.costa@example.com', 'Avenida das Tulipas, 654', '1991-03-15', '22');
INSERT INTO `doador` (`cpfdoador`, `rgdoador`, `nomedoador`, `telefonedoador`, `emaildoador`, `enderecodoador`, `dtnascdoador`, `idusuario`) VALUES ('81927543062', '8901234', 'Gustavo Santos', '61949543210', 'gustavo.santos@example.com', 'Rua dos Cravos, 789', '1997-06-28', '23');
INSERT INTO `doador` (`cpfdoador`, `rgdoador`, `nomedoador`, `telefonedoador`, `emaildoador`, `enderecodoador`, `dtnascdoador`, `idusuario`) VALUES ('26501984753', '9012345', 'Larissa Souza', '61949654321', 'larissa.souza@example.com', 'Avenida das Rosas, 876', '1988-10-10', '24');
INSERT INTO `doador` (`cpfdoador`, `rgdoador`, `nomedoador`, `telefonedoador`, `emaildoador`, `enderecodoador`, `dtnascdoador`, `idusuario`) VALUES ('74012658392', '0123456', 'Pedro Almeida', '61949765432', 'pedro.almeida@example.com', 'Rua das Orquídeas, 765', '1995-02-22', '25');
INSERT INTO `doador` (`cpfdoador`, `rgdoador`, `nomedoador`, `telefonedoador`, `emaildoador`, `enderecodoador`, `dtnascdoador`, `idusuario`) VALUES ('92638504712', '1284567', 'Isabela Costas', '61949876543', 'isabela.costas@example.com', 'Rua das Violetas, 987', '1993-07-13', '26');
INSERT INTO `doador` (`cpfdoador`, `rgdoador`, `nomedoador`, `telefonedoador`, `emaildoador`, `enderecodoador`, `dtnascdoador`, `idusuario`) VALUES ('37890145624', '2345698', 'Lucas Rodrigues', '61949987654', 'lucas.rodrigues@example.com', 'Avenida das Tulipas, 876', '1987-11-07', '27');
INSERT INTO `doador` (`cpfdoador`, `rgdoador`, `nomedoador`, `telefonedoador`, `emaildoador`, `enderecodoador`, `dtnascdoador`, `idusuario`) VALUES ('56783259014', '3356789', 'Mariana Lima', '61940098765', 'mariana.lima@example.com', 'Rua dos Lírios, 765', '1999-03-19', '28');
INSERT INTO `doador` (`cpfdoador`, `rgdoador`, `nomedoador`, `telefonedoador`, `emaildoador`, `enderecodoador`, `dtnascdoador`, `idusuario`) VALUES ('90728361540', '8743926', 'Rafaela Santos', '61946023857', 'rafaela.santos@example.com', 'Avenida das Flores, 123', '1983-09-20', '29');
INSERT INTO `doador` (`cpfdoador`, `rgdoador`, `nomedoador`, `telefonedoador`, `emaildoador`, `enderecodoador`, `dtnascdoador`, `idusuario`) VALUES ('21843567903', '5413287', 'Carlos Oliveira', '61974692801', 'carlos.oliveira@example.com', 'Rua dos Girassóis, 456', '1990-05-04', '30');
INSERT INTO `doador` (`cpfdoador`, `rgdoador`, `nomedoador`, `telefonedoador`, `emaildoador`, `enderecodoador`, `dtnascdoador`, `idusuario`) VALUES ('70923615482', '6398721', 'Larissa Pereira', '61956347902', 'larissa.pereira@example.com', 'Travessa das Margaridas, 789', '1987-11-28', '31');
INSERT INTO `doador` (`cpfdoador`, `rgdoador`, `nomedoador`, `telefonedoador`, `emaildoador`, `enderecodoador`, `dtnascdoador`, `idusuario`) VALUES ('40597826371', '1249375', 'Fernando Silva', '61952380964', 'fernando.silva@example.com', 'Avenida dos Cravos, 234', '1976-06-17', '32');
INSERT INTO `doador` (`cpfdoador`, `rgdoador`, `nomedoador`, `telefonedoador`, `emaildoador`, `enderecodoador`, `dtnascdoador`, `idusuario`) VALUES ('85697134028', '8924715', 'Camila Rodrigues', '61965203789', 'camila.rodrigues@example.com', 'Rua das Orquídeas, 567', '1982-03-02', '33');
INSERT INTO `doador` (`cpfdoador`, `rgdoador`, `nomedoador`, `telefonedoador`, `emaildoador`, `enderecodoador`, `dtnascdoador`, `idusuario`) VALUES ('30859471263', '3289517', 'Gustavo Oliveira', '61934052761', 'gustavo.oliveira@example.com', 'Travessa das Tulipas, 890', '1979-09-14', '34');
INSERT INTO `doador` (`cpfdoador`, `rgdoador`, `nomedoador`, `telefonedoador`, `emaildoador`, `enderecodoador`, `dtnascdoador`, `idusuario`) VALUES ('74021539826', '7851394', 'Patrícia Santos', '61967253980', 'patricia.santos@example.com', 'Avenida das Margaridas, 123', '1968-01-10', '35');
INSERT INTO `doador` (`cpfdoador`, `rgdoador`, `nomedoador`, `telefonedoador`, `emaildoador`, `enderecodoador`, `dtnascdoador`, `idusuario`) VALUES ('23951860743', '4356728', 'Felipe Lima', '61943725908', 'felipe.lima@example.com', 'Rua dos Girassóis, 456', '1973-08-03', '36');
INSERT INTO `doador` (`cpfdoador`, `rgdoador`, `nomedoador`, `telefonedoador`, `emaildoador`, `enderecodoador`, `dtnascdoador`, `idusuario`) VALUES ('95147386204', '9284537', 'Amanda Pereira', '61953092786', 'amanda.pereira@example.com', 'Travessa das Rosas, 789', '1970-02-24', '37');
INSERT INTO `doador` (`cpfdoador`, `rgdoador`, `nomedoador`, `telefonedoador`, `emaildoador`, `enderecodoador`, `dtnascdoador`, `idusuario`) VALUES ('31758240695', '7532914', 'Rafael Silva', '61932649501', 'rafael.silva@example.com', 'Avenida dos Cravos, 234', '1985-07-13', '38');
INSERT INTO `doador` (`cpfdoador`, `rgdoador`, `nomedoador`, `telefonedoador`, `emaildoador`, `enderecodoador`, `dtnascdoador`, `idusuario`) VALUES ('86249751308', '4396715', 'Laura Rodrigues', '61937506498', 'laura.rodrigues@example.com', 'Rua das Orquídeas, 567', '1972-12-06', '39');
INSERT INTO `doador` (`cpfdoador`, `rgdoador`, `nomedoador`, `telefonedoador`, `emaildoador`, `enderecodoador`, `dtnascdoador`, `idusuario`) VALUES ('70423981526', '6782519', 'Roberto Oliveira', '61926547980', 'roberto.oliveira@example.com', 'Travessa das Tulipas, 890', '1980-04-27', '40');
INSERT INTO `doador` (`cpfdoador`, `rgdoador`, `nomedoador`, `telefonedoador`, `emaildoador`, `enderecodoador`, `dtnascdoador`, `idusuario`) VALUES ('49562873104', '1239785', 'Carolina Santos', '61935720694', 'carolina.santos@example.com', 'Avenida das Margaridas, 123', '1969-10-22', '41');
INSERT INTO `doador` (`cpfdoador`, `rgdoador`, `nomedoador`, `telefonedoador`, `emaildoador`, `enderecodoador`, `dtnascdoador`, `idusuario`) VALUES ('86390712452', '3245789', 'Ricardo Lima', '61962350789', 'ricardo.lima@example.com', 'Rua dos Girassóis, 456', '1976-05-15', '42');
INSERT INTO `doador` (`cpfdoador`, `rgdoador`, `nomedoador`, `telefonedoador`, `emaildoador`, `enderecodoador`, `dtnascdoador`, `idusuario`) VALUES ('39261580427', '7489325', 'Fernanda Pereira', '61943652701', 'fernanda.pereira@example.com', 'Travessa das Rosas, 789', '1973-01-07', '43');
INSERT INTO `doador` (`cpfdoador`, `rgdoador`, `nomedoador`, `telefonedoador`, `emaildoador`, `enderecodoador`, `dtnascdoador`, `idusuario`) VALUES ('50623981473', '4398762', 'Bruno Silva', '61965293084', 'bruno.silva@example.com', 'Avenida dos Cravos, 234', '1988-06-27', '44');
INSERT INTO `doador` (`cpfdoador`, `rgdoador`, `nomedoador`, `telefonedoador`, `emaildoador`, `enderecodoador`, `dtnascdoador`, `idusuario`) VALUES ('73962817450', '9376824', 'Gabriela Rodrigues', '61947630892', 'gabriela.rodrigues@example.com', 'Rua das Orquídeas, 567', '1981-11-19', '45');
INSERT INTO `doador` (`cpfdoador`, `rgdoador`, `nomedoador`, `telefonedoador`, `emaildoador`, `enderecodoador`, `dtnascdoador`, `idusuario`) VALUES ('31478062915', '5863279', 'Lucas Oliveira', '61925847690', 'lucas.oliveira@example.com', 'Travessa das Tulipas, 890', '1978-05-10', '46');
INSERT INTO `doador` (`cpfdoador`, `rgdoador`, `nomedoador`, `telefonedoador`, `emaildoador`, `enderecodoador`, `dtnascdoador`, `idusuario`) VALUES ('85249631708', '7563214', 'Mariana Lima', '61947620395', 'mariana.lima@example.com', 'Avenida das Margaridas, 123', '1975-12-03', '47');
INSERT INTO `doador` (`cpfdoador`, `rgdoador`, `nomedoador`, `telefonedoador`, `emaildoador`, `enderecodoador`, `dtnascdoador`, `idusuario`) VALUES ('64739581260', '4219783', 'Pedro Santos', '61967253029', 'pedro.santos@example.com', 'Rua dos Girassóis, 456', '1972-06-26', '48');
INSERT INTO `doador` (`cpfdoador`, `rgdoador`, `nomedoador`, `telefonedoador`, `emaildoador`, `enderecodoador`, `dtnascdoador`, `idusuario`) VALUES ('32097641582', '6354821', 'Larissa Pereira', '61943752068', 'larissa.pereira@example.com', 'Travessa das Rosas, 789', '1967-02-18', '49');
INSERT INTO `doador` (`cpfdoador`, `rgdoador`, `nomedoador`, `telefonedoador`, `emaildoador`, `enderecodoador`, `dtnascdoador`, `idusuario`) VALUES ('74513982604', '9253174', 'Gustavo Silva', '61935026795', 'gustavo.silva@example.com', 'Avenida dos Cravos, 234', '1984-07-09', '50');
INSERT INTO `doador` (`cpfdoador`, `rgdoador`, `nomedoador`, `telefonedoador`, `emaildoador`, `enderecodoador`, `dtnascdoador`, `idusuario`) VALUES ('91467090712', '9103427', 'Pedro Álvares', '61969849898', 'pedro.alvares@example.com', 'Brasil, 113', '1467-09-07', '51');
INSERT INTO `doador` (`cpfdoador`, `rgdoador`, `nomedoador`, `telefonedoador`, `emaildoador`, `enderecodoador`, `dtnascdoador`, `idusuario`) VALUES ('94519835983', '6364987', 'Machado de Assis', '61948648194', 'machado.assis@example.com', 'Bememcuba, 42234', '1839-07-21', '52');
INSERT INTO `doador` (`cpfdoador`, `rgdoador`, `nomedoador`, `telefonedoador`, `emaildoador`, `enderecodoador`, `dtnascdoador`, `idusuario`) VALUES ('49914636020', '3122876', 'Kratos Democles', '61953598434', 'kratos.democles@example.com', 'Grécia, A113', '2005-03-22', '53');
INSERT INTO `doador` (`cpfdoador`, `rgdoador`, `nomedoador`, `telefonedoador`, `emaildoador`, `enderecodoador`, `dtnascdoador`, `idusuario`) VALUES ('77523403085', '2858858', 'Akira Toriyama', '61925104477', 'akira.toriyama@example.com', 'Japão, 8008', '1955-04-05', '54');
INSERT INTO `doador` (`cpfdoador`, `rgdoador`, `nomedoador`, `telefonedoador`, `emaildoador`, `enderecodoador`, `dtnascdoador`, `idusuario`) VALUES ('53189474095', '3965081', 'Matthew Robert Patrick', '61935595473', 'gustavo.silva@example.com', 'Florida, 911', '1986-11-15', '55');
INSERT INTO `doador` (`cpfdoador`, `rgdoador`, `nomedoador`, `telefonedoador`, `emaildoador`, `enderecodoador`, `dtnascdoador`, `idusuario`) VALUES ('30704873001', '1357274', 'Sun Tzu', '61983836611', 'sun.tzu@example.com', 'China, 109', '1954-05-24', '56');
INSERT INTO `doador` (`cpfdoador`, `rgdoador`, `nomedoador`, `telefonedoador`, `emaildoador`, `enderecodoador`, `dtnascdoador`, `idusuario`) VALUES ('98713478044', '2950674', 'Jotaro Kujoh', '61983137681', 'jotaro.kujo@example.com', 'Nihongo,70-109', '1970-06-17', '57');
INSERT INTO `doador` (`cpfdoador`, `rgdoador`, `nomedoador`, `telefonedoador`, `emaildoador`, `enderecodoador`, `dtnascdoador`, `idusuario`) VALUES ('98361090053', '1245629', 'Richard John Grayson', '61947314955', 'dick.grayson@example.com', 'Gotham city, 1007', '1996-12-01', '58');

INSERT INTO `representante` (`idrepresentante`, `nomerep`, `cpfrep`, `rgrep`, `dtnascrep`, `enderecorep`, `emailrep`, `telefonerep`, `sexo`, `idinstituto`, `idusuario`) VALUES ('3', 'João Silva', '39840285716', '7890123', '1998-06-23', 'Rua das Flores, 456', 'joao.silva@gmail.com', '61940128765', 'Masculino', '2', '59');
INSERT INTO `representante` (`idrepresentante`, `nomerep`, `cpfrep`, `rgrep`, `dtnascrep`, `enderecorep`, `emailrep`, `telefonerep`, `sexo`, `idinstituto`, `idusuario`) VALUES ('4', 'Ana Santos', '87654309123', '2345678', '1982-02-17', 'Rua dos Girassóis, 789', 'ana.santos@gmail.com', '61235467091', 'Feminino', '2', '60');
INSERT INTO `representante` (`idrepresentante`, `nomerep`, `cpfrep`, `rgrep`, `dtnascrep`, `enderecorep`, `emailrep`, `telefonerep`, `sexo`, `idinstituto`, `idusuario`) VALUES ('5', 'Pedro Almeida', '54321987650', '5678901', '1999-11-04', 'Rua das Acácias, 123', 'pedro.almeida@gmail.com', '61951236478', 'Masculino', '2', '61');
INSERT INTO `representante` (`idrepresentante`, `nomerep`, `cpfrep`, `rgrep`, `dtnascrep`, `enderecorep`, `emailrep`, `telefonerep`, `sexo`, `idinstituto`, `idusuario`) VALUES ('6', 'Mariana Costa', '98765432098', '8901234', '1993-08-12', 'Rua dos Jasmins, 456', 'mariana.costa@gmail.com', '61234567901', 'Feminino', '2', '62');
INSERT INTO `representante` (`idrepresentante`, `nomerep`, `cpfrep`, `rgrep`, `dtnascrep`, `enderecorep`, `emailrep`, `telefonerep`, `sexo`, `idinstituto`, `idusuario`) VALUES ('7', 'Lucas Oliveira', '76543210987', '1234567', '1987-05-29', 'Rua das Margaridas, 789', 'lucas.oliveira@gmail.com', '61239874561', 'Masculino', '2', '63');
INSERT INTO `representante` (`idrepresentante`, `nomerep`, `cpfrep`, `rgrep`, `dtnascrep`, `enderecorep`, `emailrep`, `telefonerep`, `sexo`, `idinstituto`, `idusuario`) VALUES ('8', 'Camila Pereira', '10293847560', '8991234', '1996-03-07', 'Rua das Orquídeas, 987', 'camila.pereira@gmail.com', '61948765723', 'Outro', '2', '64');
INSERT INTO `representante` (`idrepresentante`, `nomerep`, `cpfrep`, `rgrep`, `dtnascrep`, `enderecorep`, `emailrep`, `telefonerep`, `sexo`, `idinstituto`, `idusuario`) VALUES ('9', 'Carlos Mendes', '65432109876', '3456789', '1989-10-15', 'Rua das Violetas, 321', 'carlos.mendes@gmail.com', '61238907654', 'Masculino', '2', '65');
INSERT INTO `representante` (`idrepresentante`, `nomerep`, `cpfrep`, `rgrep`, `dtnascrep`, `enderecorep`, `emailrep`, `telefonerep`, `sexo`, `idinstituto`, `idusuario`) VALUES ('10', 'Fernanda Rodrigues', '87654321098', '4567890', '1995-07-26', 'Rua dos Cravos, 654', 'fernanda.rodrigues@gmail.com', '61943210987', 'Feminino', '2', '66');
INSERT INTO `representante` (`idrepresentante`, `nomerep`, `cpfrep`, `rgrep`, `dtnascrep`, `enderecorep`, `emailrep`, `telefonerep`, `sexo`, `idinstituto`, `idusuario`) VALUES ('11', 'Gustavo Lima', '43210987654', '5678909', '1983-04-09', 'Rua das Azaleias, 789', 'gustavo.lima@gmail.com', '61239876543', 'Masculino', '2', '67');
INSERT INTO `representante` (`idrepresentante`, `nomerep`, `cpfrep`, `rgrep`, `dtnascrep`, `enderecorep`, `emailrep`, `telefonerep`, `sexo`, `idinstituto`, `idusuario`) VALUES ('12', 'Bianca Ferreira', '76543290987', '9787012', '1990-01-22', 'Rua das Bromélias, 123', 'bianca.ferreira@gmail.com', '61943210789', 'Feminino', '2', '68');
INSERT INTO `representante` (`idrepresentante`, `nomerep`, `cpfrep`, `rgrep`, `dtnascrep`, `enderecorep`, `emailrep`, `telefonerep`, `sexo`, `idinstituto`, `idusuario`) VALUES ('13', 'Rafael Santos', '21098765432', '7874423', '1986-11-04', 'Rua das Hortênsias, 456', 'rafael.santos@gmail.com', '61234567890', 'Masculino', '2', '69');
INSERT INTO `representante` (`idrepresentante`, `nomerep`, `cpfrep`, `rgrep`, `dtnascrep`, `enderecorep`, `emailrep`, `telefonerep`, `sexo`, `idinstituto`, `idusuario`) VALUES ('14', 'Amanda Oliveira', '54321098765', '2395234', '1992-08-17', 'Rua dos Lírios, 789', 'amanda.oliveira@gmail.com', '61987654321', 'Feminino', '2', '70');
INSERT INTO `representante` (`idrepresentante`, `nomerep`, `cpfrep`, `rgrep`, `dtnascrep`, `enderecorep`, `emailrep`, `telefonerep`, `sexo`, `idinstituto`, `idusuario`) VALUES ('15', 'Rodrigo Costa', '09876543210', '9075345', '1981-05-30', 'Rua dos Girassóis, 987', 'rodrigo.costa@gmail.com', '61234567890', 'Masculino', '2', '71');
INSERT INTO `representante` (`idrepresentante`, `nomerep`, `cpfrep`, `rgrep`, `dtnascrep`, `enderecorep`, `emailrep`, `telefonerep`, `sexo`, `idinstituto`, `idusuario`) VALUES ('16', 'Isabela Santos', '43210986654', '0175456', '1996-02-12', 'Rua das Orquídeas, 210', 'isabela.santos@gmail.com', '61987654321', 'Feminino', '2', '72');
INSERT INTO `representante` (`idrepresentante`, `nomerep`, `cpfrep`, `rgrep`, `dtnascrep`, `enderecorep`, `emailrep`, `telefonerep`, `sexo`, `idinstituto`, `idusuario`) VALUES ('17', 'Vinicius Lima', '87654391098', '1244567', '1987-09-25', 'Rua das Margaridas, 543', 'vinicius.lima@gmail.com', '61234567890', 'Masculino', '2', '73');
INSERT INTO `representante` (`idrepresentante`, `nomerep`, `cpfrep`, `rgrep`, `dtnascrep`, `enderecorep`, `emailrep`, `telefonerep`, `sexo`, `idinstituto`, `idusuario`) VALUES ('18', 'Larissa Rodrigues', '21098767432', '2365678', '1993-06-08', 'Rua das Tulipas, 876', 'larissa.rodrigues@gmail.com', '61987654321', 'Feminino', '2', '74');
INSERT INTO `representante` (`idrepresentante`, `nomerep`, `cpfrep`, `rgrep`, `dtnascrep`, `enderecorep`, `emailrep`, `telefonerep`, `sexo`, `idinstituto`, `idusuario`) VALUES ('19', 'Pedro Fernandes', '65432979876', '3458789', '1984-03-21', 'Rua das Violetas, 1098', 'pedro.fernandes@gmail.com', '61234567890', 'Masculino', '2', '75');
INSERT INTO `representante` (`idrepresentante`, `nomerep`, `cpfrep`, `rgrep`, `dtnascrep`, `enderecorep`, `emailrep`, `telefonerep`, `sexo`, `idinstituto`, `idusuario`) VALUES ('20', 'Camila Oliveira', '98765562109', '4551890', '1991-12-04', 'Rua dos Cravos, 321', 'camila.oliveira@gmail.com', '61987654321', 'Feminino', '2', '76');
INSERT INTO `representante` (`idrepresentante`, `nomerep`, `cpfrep`, `rgrep`, `dtnascrep`, `enderecorep`, `emailrep`, `telefonerep`, `sexo`, `idinstituto`, `idusuario`) VALUES ('21', 'Lucas Pereira', '54386098765', '5673501', '1988-07-17', 'Rua das Azaleias, 654', 'lucas.pereira@gmail.com', '61234567890', 'Masculino', '2', '77');
INSERT INTO `representante` (`idrepresentante`, `nomerep`, `cpfrep`, `rgrep`, `dtnascrep`, `enderecorep`, `emailrep`, `telefonerep`, `sexo`, `idinstituto`, `idusuario`) VALUES ('22', 'Isabela Souza', '87654336098', '6780212', '1994-04-30', 'Rua das Bromélias, 987', 'isabela.souza@gmail.com', '61987654321', 'Feminino', '2', '78');
INSERT INTO `representante` (`idrepresentante`, `nomerep`, `cpfrep`, `rgrep`, `dtnascrep`, `enderecorep`, `emailrep`, `telefonerep`, `sexo`, `idinstituto`, `idusuario`) VALUES ('23', 'Rafaela Martins', '43210757654', '7893423', '1982-01-12', 'Rua das Hortênsias, 345', 'rafaela.martins@gmail.com', '61234567890', 'Feminino', '2', '79');
INSERT INTO `representante` (`idrepresentante`, `nomerep`, `cpfrep`, `rgrep`, `dtnascrep`, `enderecorep`, `emailrep`, `telefonerep`, `sexo`, `idinstituto`, `idusuario`) VALUES ('24', 'Gustavo Ferreira', '21092365432', '8907534', '1989-08-25', 'Rua das Girassóis, 567', 'gustavo.ferreira@gmail.com', '61987654321', 'Masculino', '2', '80');
INSERT INTO `representante` (`idrepresentante`, `nomerep`, `cpfrep`, `rgrep`, `dtnascrep`, `enderecorep`, `emailrep`, `telefonerep`, `sexo`, `idinstituto`, `idusuario`) VALUES ('25', 'Mariana Lima', '65431209876', '90623345', '1996-02-28', 'Rua dos Lírios, 765', 'mariana.lima@gmail.com', '61234567890', 'Feminino', '2', '81');
INSERT INTO `representante` (`idrepresentante`, `nomerep`, `cpfrep`, `rgrep`, `dtnascrep`, `enderecorep`, `emailrep`, `telefonerep`, `sexo`, `idinstituto`, `idusuario`) VALUES ('26', 'João Rodrigues', '98765432109', '0123456', '1985-10-15', 'Rua das Margaridas, 987', 'joao.rodrigues@gmail.com', '61987654321', 'Masculino', '2', '82');
INSERT INTO `representante` (`idrepresentante`, `nomerep`, `cpfrep`, `rgrep`, `dtnascrep`, `enderecorep`, `emailrep`, `telefonerep`, `sexo`, `idinstituto`, `idusuario`) VALUES ('27', 'Carolina Santos', '54321868765', '8634567', '1992-07-08', 'Rua das Orquídeas, 210', 'carolina.santos@gmail.com', '61234567890', 'Feminino', '2', '83');
INSERT INTO `representante` (`idrepresentante`, `nomerep`, `cpfrep`, `rgrep`, `dtnascrep`, `enderecorep`, `emailrep`, `telefonerep`, `sexo`, `idinstituto`, `idusuario`) VALUES ('28', 'Pedro Lima', '87654341098', '2343578', '1981-04-21', 'Rua das Tulipas, 876', 'pedro.lima@gmail.com', '61987654321', 'Masculino', '2', '84');
INSERT INTO `representante` (`idrepresentante`, `nomerep`, `cpfrep`, `rgrep`, `dtnascrep`, `enderecorep`, `emailrep`, `telefonerep`, `sexo`, `idinstituto`, `idusuario`) VALUES ('29', 'Ana Oliveira', '46770987654', '3456439', '1997-01-04', 'Rua dos Cravos, 321', 'ana.oliveira@gmail.com', '61234567890', 'Feminino', '2', '85');
INSERT INTO `representante` (`idrepresentante`, `nomerep`, `cpfrep`, `rgrep`, `dtnascrep`, `enderecorep`, `emailrep`, `telefonerep`, `sexo`, `idinstituto`, `idusuario`) VALUES ('30', 'Lucas Fernandes', '26598765432', '4647890', '1986-08-17', 'Rua dos Lírios, 765', 'lucas.fernandes@gmail.com', '61987654321', 'Masculino', '2', '86');
INSERT INTO `representante` (`idrepresentante`, `nomerep`, `cpfrep`, `rgrep`, `dtnascrep`, `enderecorep`, `emailrep`, `telefonerep`, `sexo`, `idinstituto`, `idusuario`) VALUES ('31', 'Mariana Silva', '65435609876', '5678971', '1993-03-02', 'Rua das Azaleias, 654', 'mariana.silva@gmail.com', '61234567890', 'Feminino', '2', '87');
INSERT INTO `representante` (`idrepresentante`, `nomerep`, `cpfrep`, `rgrep`, `dtnascrep`, `enderecorep`, `emailrep`, `telefonerep`, `sexo`, `idinstituto`, `idusuario`) VALUES ('32', 'Gabriel Souza', '98712332109', '6736012', '1982-10-18', 'Rua das Bromélias, 987', 'gabriel.souza@gmail.com', '61987654321', 'Masculino', '2', '88');
INSERT INTO `representante` (`idrepresentante`, `nomerep`, `cpfrep`, `rgrep`, `dtnascrep`, `enderecorep`, `emailrep`, `telefonerep`, `sexo`, `idinstituto`, `idusuario`) VALUES ('33', 'Isabela Santos', '54326498765', '7270123', '1998-07-11', 'Rua das Hortênsias, 345', 'isabela.santos@gmail.com', '61234567890', 'Feminino', '2', '89');
INSERT INTO `representante` (`idrepresentante`, `nomerep`, `cpfrep`, `rgrep`, `dtnascrep`, `enderecorep`, `emailrep`, `telefonerep`, `sexo`, `idinstituto`, `idusuario`) VALUES ('34', 'Rafaela Ferreira', '87924321098', '8612234', '1980-04-23', 'Rua das Girassóis, 567', 'rafaela.ferreira@gmail.com', '61987654321', 'Feminino', '2', '90');
INSERT INTO `representante` (`idrepresentante`, `nomerep`, `cpfrep`, `rgrep`, `dtnascrep`, `enderecorep`, `emailrep`, `telefonerep`, `sexo`, `idinstituto`, `idusuario`) VALUES ('35', 'Gustavo Oliveira', '43220987654', '9053845', '1995-01-06', 'Rua das Margaridas, 987', 'gustavo.oliveira@gmail.com', '61234567890', 'Masculino', '2', '91');
INSERT INTO `representante` (`idrepresentante`, `nomerep`, `cpfrep`, `rgrep`, `dtnascrep`, `enderecorep`, `emailrep`, `telefonerep`, `sexo`, `idinstituto`, `idusuario`) VALUES ('36', 'Mariana Rodrigues', '21249825432', '0414576', '1987-08-19', 'Rua das Orquídeas, 210', 'mariana.rodrigues@gmail.com', '61987654321', 'Feminino', '2', '92');
INSERT INTO `representante` (`idrepresentante`, `nomerep`, `cpfrep`, `rgrep`, `dtnascrep`, `enderecorep`, `emailrep`, `telefonerep`, `sexo`, `idinstituto`, `idusuario`) VALUES ('37', 'João Silva', '65434106876', '2234167', '1994-03-04', 'Rua das Tulipas, 876', 'joao.silva@gmail.com', '61234567890', 'Masculino', '2', '93');
INSERT INTO `representante` (`idrepresentante`, `nomerep`, `cpfrep`, `rgrep`, `dtnascrep`, `enderecorep`, `emailrep`, `telefonerep`, `sexo`, `idinstituto`, `idusuario`) VALUES ('38', 'Carolina Oliveira', '98715422109', '2745078', '1983-10-21', 'Rua dos Cravos, 321', 'carolina.oliveira@gmail.com', '61987654321', 'Feminino', '2', '94');
INSERT INTO `representante` (`idrepresentante`, `nomerep`, `cpfrep`, `rgrep`, `dtnascrep`, `enderecorep`, `emailrep`, `telefonerep`, `sexo`, `idinstituto`, `idusuario`) VALUES ('39', 'Pedro Rodrigues', '43211298765', '3453914', '1999-07-14', 'Rua das Azaleias, 654', 'pedro.rodrigues@gmail.com', '61234567890', 'Masculino', '2', '95');
INSERT INTO `representante` (`idrepresentante`, `nomerep`, `cpfrep`, `rgrep`, `dtnascrep`, `enderecorep`, `emailrep`, `telefonerep`, `sexo`, `idinstituto`, `idusuario`) VALUES ('40', 'Ana Santos', '87653431098', '4562860', '1988-04-25', 'Rua das Bromélias, 987', 'ana.santos@gmail.com', '61987654321', 'Feminino', '2', '96');
INSERT INTO `representante` (`idrepresentante`, `nomerep`, `cpfrep`, `rgrep`, `dtnascrep`, `enderecorep`, `emailrep`, `telefonerep`, `sexo`, `idinstituto`, `idusuario`) VALUES ('41', 'Lucas Ferreira', '43510987624', '5178201', '1996-01-07', 'Rua das Hortênsias, 345', 'lucas.ferreira@gmail.com', '61234567890', 'Masculino', '2', '97');
INSERT INTO `representante` (`idrepresentante`, `nomerep`, `cpfrep`, `rgrep`, `dtnascrep`, `enderecorep`, `emailrep`, `telefonerep`, `sexo`, `idinstituto`, `idusuario`) VALUES ('42', 'Mariana Oliveira', '21018763432', '6588012', '1985-08-23', 'Rua das Girassóis, 567', 'mariana.oliveira@gmail.com', '61987654321', 'Feminino', '2', '98');
INSERT INTO `representante` (`idrepresentante`, `nomerep`, `cpfrep`, `rgrep`, `dtnascrep`, `enderecorep`, `emailrep`, `telefonerep`, `sexo`, `idinstituto`, `idusuario`) VALUES ('43', 'Gabriel Santos', '65132209876', '7840223', '1997-03-09', 'Rua dos Lírios, 765', 'gabriel.santos@gmail.com', '61234567890', 'Masculino', '2', '99');
INSERT INTO `representante` (`idrepresentante`, `nomerep`, `cpfrep`, `rgrep`, `dtnascrep`, `enderecorep`, `emailrep`, `telefonerep`, `sexo`, `idinstituto`, `idusuario`) VALUES ('44', 'Isabela Ferreira', '98761432109', '8951934', '1986-10-27', 'Rua das Margaridas, 987', 'isabela.ferreira@gmail.com', '61987654321', 'Feminino', '2', '100');
INSERT INTO `representante` (`idrepresentante`, `nomerep`, `cpfrep`, `rgrep`, `dtnascrep`, `enderecorep`, `emailrep`, `telefonerep`, `sexo`, `idinstituto`, `idusuario`) VALUES ('45', 'Rafaela Oliveira', '13422198765', '9022545', '1991-07-12', 'Rua das Orquídeas, 210', 'rafaela.oliveira@gmail.com', '61234567890', 'Feminino', '2', '101');
INSERT INTO `representante` (`idrepresentante`, `nomerep`, `cpfrep`, `rgrep`, `dtnascrep`, `enderecorep`, `emailrep`, `telefonerep`, `sexo`, `idinstituto`, `idusuario`) VALUES ('46', 'Gustavo Rodrigues', '87654257098', '0228456', '1984-04-29', 'Rua das Tulipas, 876', 'gustavo.rodrigues@gmail.com', '61987654321', 'Masculino', '2', '102');
INSERT INTO `representante` (`idrepresentante`, `nomerep`, `cpfrep`, `rgrep`, `dtnascrep`, `enderecorep`, `emailrep`, `telefonerep`, `sexo`, `idinstituto`, `idusuario`) VALUES ('47', 'Mariana Santos', '43213985654', '1334577', '1990-01-14', 'Rua dos Cravos, 321', 'mariana.santos@gmail.com', '61234567890', 'Feminino', '2', '103');
INSERT INTO `representante` (`idrepresentante`, `nomerep`, `cpfrep`, `rgrep`, `dtnascrep`, `enderecorep`, `emailrep`, `telefonerep`, `sexo`, `idinstituto`, `idusuario`) VALUES ('48', 'João Ferreira', '25098763432', '2149628', '1989-08-31', 'Rua das Azaleias, 654', 'joao.ferreira@gmail.com', '61987654321', 'Masculino', '2', '104');
INSERT INTO `representante` (`idrepresentante`, `nomerep`, `cpfrep`, `rgrep`, `dtnascrep`, `enderecorep`, `emailrep`, `telefonerep`, `sexo`, `idinstituto`, `idusuario`) VALUES ('49', 'Carolina Rodrigues', '65432109872', '3454779', '1998-03-16', 'Rua das Bromélias, 987', 'carolina.rodrigues@gmail.com', '61234567890', 'Feminino', '2', '105');
INSERT INTO `representante` (`idrepresentante`, `nomerep`, `cpfrep`, `rgrep`, `dtnascrep`, `enderecorep`, `emailrep`, `telefonerep`, `sexo`, `idinstituto`, `idusuario`) VALUES ('50', 'Pedro Santos', '98165412109', '1567893', '1987-10-02', 'Rua das Hortênsias, 345', 'pedro.santos@gmail.com', '61987654321', 'Masculino', '2', '106');
INSERT INTO `representante` (`idrepresentante`, `nomerep`, `cpfrep`, `rgrep`, `dtnascrep`, `enderecorep`, `emailrep`, `telefonerep`, `sexo`, `idinstituto`, `idusuario`) VALUES ('51', 'Ana Ferreira', '54421898765', '5178907', '1992-07-19', 'Rua das Girassóis, 567', 'ana.ferreira@gmail.com', '61234567890', 'Feminino', '2', '107');
INSERT INTO `representante` (`idrepresentante`, `nomerep`, `cpfrep`, `rgrep`, `dtnascrep`, `enderecorep`, `emailrep`, `telefonerep`, `sexo`, `idinstituto`, `idusuario`) VALUES ('52', 'Lucas Oliveira', '27651321098', '6583012', '1981-04-30', 'Rua dos Lírios, 765', 'lucas.oliveira@gmail.com', '61987654321', 'Masculino', '2', '108');

INSERT INTO `pedido` (`idpedido`, `nomepedido`, `descricaopedido`, `condicao`, `status`, `datapedido`, `quantidadepedido`, `idinstituto`, `idrepresentante`) VALUES ('1', 'Gabinetes', 'Precisamos de gabinete para aulas de manutenção.', 'Usado', '1', current_timestamp(), '25', '1', '1');
INSERT INTO `pedido` (`idpedido`, `nomepedido`, `descricaopedido`, `condicao`, `status`, `datapedido`, `quantidadepedido`, `idinstituto`, `idrepresentante`) VALUES ('2', 'Monitores', 'Precisamos de monitores pois alguns queimaram.', 'Novo', '1', current_timestamp(), '20', '2', '2');
INSERT INTO `pedido` (`idpedido`, `nomepedido`, `descricaopedido`, `condicao`, `status`, `datapedido`, `quantidadepedido`, `idinstituto`, `idrepresentante`) VALUES ('3', 'Canetas Permanentes', 'Precisamos dessa canetas para auxiliar nas aulas', 'Novo', '1', current_timestamp(), '20', '1', '1');
INSERT INTO `pedido` (`idpedido`, `nomepedido`, `descricaopedido`, `condicao`, `status`, `datapedido`, `quantidadepedido`, `idinstituto`, `idrepresentante`) VALUES ('4', 'Material Didático', 'Precisamos desse material didático para auxiliar nas aulas.', 'Novo', '1', '2023-06-19', '77', '1', '1');
INSERT INTO `pedido` (`idpedido`, `nomepedido`, `descricaopedido`, `condicao`, `status`, `datapedido`, `quantidadepedido`, `idinstituto`, `idrepresentante`) VALUES ('5', 'Cadernos', 'Precisamos de cadernos para os estudantes.', 'Usado', '1', '2023-06-19', '33', '1', '1');
INSERT INTO `pedido` (`idpedido`, `nomepedido`, `descricaopedido`, `condicao`, `status`, `datapedido`, `quantidadepedido`, `idinstituto`, `idrepresentante`) VALUES ('6', 'Projetores', 'Precisamos desse material didático para auxiliar nas apresentações.', 'Semi-usado', '1', '2023-06-19', '55', '2', '2');
INSERT INTO `pedido` (`idpedido`, `nomepedido`, `descricaopedido`, `condicao`, `status`, `datapedido`, `quantidadepedido`, `idinstituto`, `idrepresentante`) VALUES ('7', 'Livros', 'Precisamos desse material didático para complementar a biblioteca.', 'Novo', '1', '2023-06-19', '88', '2', '2');
INSERT INTO `pedido` (`idpedido`, `nomepedido`, `descricaopedido`, `condicao`, `status`, `datapedido`, `quantidadepedido`, `idinstituto`, `idrepresentante`) VALUES ('8', 'Mapas', 'Precisamos de mapas para as aulas de geografia.', 'Usado', '1', '2023-06-19', '42', '1', '1');
INSERT INTO `pedido` (`idpedido`, `nomepedido`, `descricaopedido`, `condicao`, `status`, `datapedido`, `quantidadepedido`, `idinstituto`, `idrepresentante`) VALUES ('9', 'Microscópio', 'Precisamos de microscópio para o laboratório de química.', 'Semi-usado', '1', '2023-06-19', '70', '2', '2');
INSERT INTO `pedido` (`idpedido`, `nomepedido`, `descricaopedido`, `condicao`, `status`, `datapedido`, `quantidadepedido`, `idinstituto`, `idrepresentante`) VALUES ('10', 'Notebooks', 'Precisamos de notebooks para os professores.', 'Novo', '1', '2023-06-19', '25', '1', '1');
INSERT INTO `pedido` (`idpedido`, `nomepedido`, `descricaopedido`, `condicao`, `status`, `datapedido`, `quantidadepedido`, `idinstituto`, `idrepresentante`) VALUES ('11', 'Material de Arte', 'Precisamos de materiais de arte para as aulas de pintura.', 'Usado', '1', '2023-06-19', '60', '2', '2');
INSERT INTO `pedido` (`idpedido`, `nomepedido`, `descricaopedido`, `condicao`, `status`, `datapedido`, `quantidadepedido`, `idinstituto`, `idrepresentante`) VALUES ('12', 'Instrumentos Musicais', 'Precisamos de instrumentos musicais para a banda da escola.', 'Semi-usado', '1', '2023-06-19', '15', '1', '1');
INSERT INTO `pedido` (`idpedido`, `nomepedido`, `descricaopedido`, `condicao`, `status`, `datapedido`, `quantidadepedido`, `idinstituto`, `idrepresentante`) VALUES ('13', 'Cadeiras', 'Precisamos de cadeiras para as salas de aula.', 'Novo', '1', '2023-06-19', '90', '2', '2');
INSERT INTO `pedido` (`idpedido`, `nomepedido`, `descricaopedido`, `condicao`, `status`, `datapedido`, `quantidadepedido`, `idinstituto`, `idrepresentante`) VALUES ('14', 'Quadros Brancos', 'Precisamos de quadros brancos para as salas de aula.', 'Usado', '1', '2023-06-19', '48', '1', '1');
INSERT INTO `pedido` (`idpedido`, `nomepedido`, `descricaopedido`, `condicao`, `status`, `datapedido`, `quantidadepedido`, `idinstituto`, `idrepresentante`) VALUES ('15', 'Projetor Multimídia', 'Precisamos de projetores multimídia para as apresentações.', 'Semi-usado', '1', '2023-06-19', '37', '1', '1');
INSERT INTO `pedido` (`idpedido`, `nomepedido`, `descricaopedido`, `condicao`, `status`, `datapedido`, `quantidadepedido`, `idinstituto`, `idrepresentante`) VALUES ('16', 'Mesas', 'Precisamos de mesas para a sala dos professores.', 'Novo', '1', '2023-06-19', '80', '1', '1');
INSERT INTO `pedido` (`idpedido`, `nomepedido`, `descricaopedido`, `condicao`, `status`, `datapedido`, `quantidadepedido`, `idinstituto`, `idrepresentante`) VALUES ('17', 'Vidrarias', 'Precisamos de vidrarias para o laboratório de biologia.', 'Usado', '1', '2023-06-19', '52', '1', '1');
INSERT INTO `pedido` (`idpedido`, `nomepedido`, `descricaopedido`, `condicao`, `status`, `datapedido`, `quantidadepedido`, `idinstituto`, `idrepresentante`) VALUES ('18', 'TVs', 'Precisamos de TVs para as salas de aula.', 'Semi-usado', '1', '2023-06-19', '66', '2', '2');
INSERT INTO `pedido` (`idpedido`, `nomepedido`, `descricaopedido`, `condicao`, `status`, `datapedido`, `quantidadepedido`, `idinstituto`, `idrepresentante`) VALUES ('19', 'Livros Didáticos', 'Precisamos de livros didáticos para os estudantes.', 'Novo', '1', '2023-06-19', '95', '1', '1');
INSERT INTO `pedido` (`idpedido`, `nomepedido`, `descricaopedido`, `condicao`, `status`, `datapedido`, `quantidadepedido`, `idinstituto`, `idrepresentante`) VALUES ('20', 'Computadores', 'Precisamos de computadores para o laboratório de informática.', 'Usado', '1', '2023-06-19', '29', '1', '1');
INSERT INTO `pedido` (`idpedido`, `nomepedido`, `descricaopedido`, `condicao`, `status`, `datapedido`, `quantidadepedido`, `idinstituto`, `idrepresentante`) VALUES ('21', 'Impressoras', 'Precisamos de impressoras para a secretaria da escola.', 'Semi-usado', '1', '2023-06-19', '45', '2', '2');
INSERT INTO `pedido` (`idpedido`, `nomepedido`, `descricaopedido`, `condicao`, `status`, `datapedido`, `quantidadepedido`, `idinstituto`, `idrepresentante`) VALUES ('22', 'Jogos de Tabuleiro', 'Precisamos de jogos de tabuleiro para as atividades recreativas.', 'Novo', '1', '2023-06-19', '74', '1', '1');
INSERT INTO `pedido` (`idpedido`, `nomepedido`, `descricaopedido`, `condicao`, `status`, `datapedido`, `quantidadepedido`, `idinstituto`, `idrepresentante`) VALUES ('23', 'Instrumentos Musicais', 'Precisamos de instrumentos musicais para a aula de música.', 'Usado', '1', '2023-06-19', '31', '2', '2');
INSERT INTO `pedido` (`idpedido`, `nomepedido`, `descricaopedido`, `condicao`, `status`, `datapedido`, `quantidadepedido`, `idinstituto`, `idrepresentante`) VALUES ('24', 'Projetor Multimídia', 'Precisamos de projetores multimídia para as aulas de audiovisual.', 'Semi-usado', '1', '2023-06-19', '68', '1', '1');
INSERT INTO `pedido` (`idpedido`, `nomepedido`, `descricaopedido`, `condicao`, `status`, `datapedido`, `quantidadepedido`, `idinstituto`, `idrepresentante`) VALUES ('25', 'Cronômetros ', 'Precisamos de cronômetros para o laboratório de física.', 'Novo', '1', '2023-06-19', '35', '2', '2');
INSERT INTO `pedido` (`idpedido`, `nomepedido`, `descricaopedido`, `condicao`, `status`, `datapedido`, `quantidadepedido`, `idinstituto`, `idrepresentante`) VALUES ('26', 'Mesas e Cadeiras', 'Precisamos de mesas e cadeiras para a biblioteca.', 'Usado', '1', '2023-06-19', '56', '1', '1');
INSERT INTO `pedido` (`idpedido`, `nomepedido`, `descricaopedido`, `condicao`, `status`, `datapedido`, `quantidadepedido`, `idinstituto`, `idrepresentante`) VALUES ('27', 'Quadros Interativos', 'Precisamos de quadros interativos para as aulas de tecnologia.', 'Semi-usado', '1', '2023-06-19', '39', '2', '2');
INSERT INTO `pedido` (`idpedido`, `nomepedido`, `descricaopedido`, `condicao`, `status`, `datapedido`, `quantidadepedido`, `idinstituto`, `idrepresentante`) VALUES ('28', 'Lousas', 'Precisamos de lousas para as salas de aula.', 'Novo', '1', '2023-06-19', '82', '1', '1');
INSERT INTO `pedido` (`idpedido`, `nomepedido`, `descricaopedido`, `condicao`, `status`, `datapedido`, `quantidadepedido`, `idinstituto`, `idrepresentante`) VALUES ('29', 'Microscópios', 'Precisamos de microscópios para o laboratório de biologia.', 'Usado', '1', '2023-06-19', '23', '1', '1');
INSERT INTO `pedido` (`idpedido`, `nomepedido`, `descricaopedido`, `condicao`, `status`, `datapedido`, `quantidadepedido`, `idinstituto`, `idrepresentante`) VALUES ('30', 'Globos Terrestres', 'Precisamos de globos terrestres para as aulas de geografia.', 'Semi-usado', '1', '2023-06-19', '72', '2', '2');
INSERT INTO `pedido` (`idpedido`, `nomepedido`, `descricaopedido`, `condicao`, `status`, `datapedido`, `quantidadepedido`, `idinstituto`, `idrepresentante`) VALUES ('31', 'Livros de Literatura', 'Precisamos de livros de literatura para a biblioteca.', 'Novo', '1', '2023-06-19', '97', '1', '1');
INSERT INTO `pedido` (`idpedido`, `nomepedido`, `descricaopedido`, `condicao`, `status`, `datapedido`, `quantidadepedido`, `idinstituto`, `idrepresentante`) VALUES ('32', 'Computadores Portáteis', 'Precisamos de computadores portáteis para os alunos utilizarem na sala de aula.', 'Usado', '1', '2023-06-19', '17', '2', '2');
INSERT INTO `pedido` (`idpedido`, `nomepedido`, `descricaopedido`, `condicao`, `status`, `datapedido`, `quantidadepedido`, `idinstituto`, `idrepresentante`) VALUES ('33', 'Impressoras 3D', 'Precisamos de impressoras 3D para as aulas de design.', 'Semi-usado', '1', '2023-06-19', '84', '1', '1');
INSERT INTO `pedido` (`idpedido`, `nomepedido`, `descricaopedido`, `condicao`, `status`, `datapedido`, `quantidadepedido`, `idinstituto`, `idrepresentante`) VALUES ('34', 'Teclados Musicais', 'Precisamos de teclados musicais para a aula de piano.', 'Novo', '1', '2023-06-19', '42', '2', '2');
INSERT INTO `pedido` (`idpedido`, `nomepedido`, `descricaopedido`, `condicao`, `status`, `datapedido`, `quantidadepedido`, `idinstituto`, `idrepresentante`) VALUES ('35', 'Projetores de Slides', 'Precisamos de projetores de slides para as aulas de história.', 'Usado', '1', '2023-06-19', '61', '1', '1');
INSERT INTO `pedido` (`idpedido`, `nomepedido`, `descricaopedido`, `condicao`, `status`, `datapedido`, `quantidadepedido`, `idinstituto`, `idrepresentante`) VALUES ('36', 'Colorímetro', 'Precisamos de colorímetro para o laboratório de química.', 'Semi-usado', '1', '2023-06-19', '28', '2', '2');
INSERT INTO `pedido` (`idpedido`, `nomepedido`, `descricaopedido`, `condicao`, `status`, `datapedido`, `quantidadepedido`, `idinstituto`, `idrepresentante`) VALUES ('37', 'Mesas de Estudo', 'Precisamos de mesas de estudo para os alunos.', 'Novo', '1', '2023-06-19', '88', '2', '2');
INSERT INTO `pedido` (`idpedido`, `nomepedido`, `descricaopedido`, `condicao`, `status`, `datapedido`, `quantidadepedido`, `idinstituto`, `idrepresentante`) VALUES ('38', 'Switchs', 'Precisamos de Switchs para o laboratório de informática.', 'Usado', '1', '2023-06-19', '49', '1', '1');
INSERT INTO `pedido` (`idpedido`, `nomepedido`, `descricaopedido`, `condicao`, `status`, `datapedido`, `quantidadepedido`, `idinstituto`, `idrepresentante`) VALUES ('39', 'Jogos Educativos', 'Precisamos de jogos educativos para as aulas de educação infantil.', 'Semi-usado', '1', '2023-06-19', '75', '2', '2');
INSERT INTO `pedido` (`idpedido`, `nomepedido`, `descricaopedido`, `condicao`, `status`, `datapedido`, `quantidadepedido`, `idinstituto`, `idrepresentante`) VALUES ('40', 'Livros de História', 'Precisamos de livros de história para a biblioteca.', 'Novo', '1', '2023-06-19', '33', '1', '1');
INSERT INTO `pedido` (`idpedido`, `nomepedido`, `descricaopedido`, `condicao`, `status`, `datapedido`, `quantidadepedido`, `idinstituto`, `idrepresentante`) VALUES ('41', 'Tablets', 'Precisamos de tablets para as aulas interativas.', 'Usado', '1', '2023-06-19', '50', '2', '2');
INSERT INTO `pedido` (`idpedido`, `nomepedido`, `descricaopedido`, `condicao`, `status`, `datapedido`, `quantidadepedido`, `idinstituto`, `idrepresentante`) VALUES ('42', 'Laboratório de Biologia', 'Precisamos de materiais para o laboratório de biologia.', 'Semi-usado', '1', '2023-06-19', '67', '1', '1');
INSERT INTO `pedido` (`idpedido`, `nomepedido`, `descricaopedido`, `condicao`, `status`, `datapedido`, `quantidadepedido`, `idinstituto`, `idrepresentante`) VALUES ('43', 'Projetores de Vídeo', 'Precisamos de projetores de vídeo para as aulas de cinema.', 'Novo', '1', '2023-06-19', '29', '2', '2');
INSERT INTO `pedido` (`idpedido`, `nomepedido`, `descricaopedido`, `condicao`, `status`, `datapedido`, `quantidadepedido`, `idinstituto`, `idrepresentante`) VALUES ('44', 'Lousas Interativas', 'Precisamos de lousas interativas para as aulas de matemática.', 'Usado', '1', '2023-06-19', '46', '1', '1');
INSERT INTO `pedido` (`idpedido`, `nomepedido`, `descricaopedido`, `condicao`, `status`, `datapedido`, `quantidadepedido`, `idinstituto`, `idrepresentante`) VALUES ('45', 'Balança', 'Precisamos de balanças para o laboratório de ciências.', 'Semi-usado', '1', '2023-06-19', '73', '2', '2');
INSERT INTO `pedido` (`idpedido`, `nomepedido`, `descricaopedido`, `condicao`, `status`, `datapedido`, `quantidadepedido`, `idinstituto`, `idrepresentante`) VALUES ('46', 'Livros de Geografia', 'Precisamos de livros de geografia para a biblioteca.', 'Novo', '1', '2023-06-19', '38', '1', '1');
INSERT INTO `pedido` (`idpedido`, `nomepedido`, `descricaopedido`, `condicao`, `status`, `datapedido`, `quantidadepedido`, `idinstituto`, `idrepresentante`) VALUES ('47', 'Notebooks', 'Precisamos de notebooks para os professores.', 'Usado', '1', '2023-06-19', '63', '1', '1');
INSERT INTO `pedido` (`idpedido`, `nomepedido`, `descricaopedido`, `condicao`, `status`, `datapedido`, `quantidadepedido`, `idinstituto`, `idrepresentante`) VALUES ('48', 'Câmeras Fotográficas', 'Precisamos de câmeras fotográficas para as aulas de arte.', 'Semi-usado', '1', '2023-06-19', '22', '2', '2');
INSERT INTO `pedido` (`idpedido`, `nomepedido`, `descricaopedido`, `condicao`, `status`, `datapedido`, `quantidadepedido`, `idinstituto`, `idrepresentante`) VALUES ('49', 'Giz', 'Precisamos de gizes para o laboratório de matemática.', 'Novo', '1', '2023-06-19', '91', '1', '1');
INSERT INTO `pedido` (`idpedido`, `nomepedido`, `descricaopedido`, `condicao`, `status`, `datapedido`, `quantidadepedido`, `idinstituto`, `idrepresentante`) VALUES ('50', 'Robôs Educacionais', 'Precisamos de peças de robôs educacionais para as aulas de programação.', 'Usado', '1', '2023-06-19', '55', '2', '2');

INSERT INTO `doacao` (`iddoacao`, `nomedoacao`, `descricaodoacao`, `quantidadedoacao`, `datadoacao`, `idrepresentante`, `idpedido`, `cpfdoador`) VALUES ('1', 'Giz', 'Compramos caixas demais', '20', current_timestamp(), '1', '49', '03760625096');
INSERT INTO `doacao` (`iddoacao`, `nomedoacao`, `descricaodoacao`, `quantidadedoacao`, `datadoacao`, `idrepresentante`, `idpedido`, `cpfdoador`) VALUES ('2', 'Robo', 'Tem algumas peças', '5', current_timestamp(), '2', '50', '03760625096');
INSERT INTO `doacao` (`iddoacao`, `nomedoacao`, `descricaodoacao`, `quantidadedoacao`, `datadoacao`, `idrepresentante`, `idpedido`, `cpfdoador`) VALUES ('3', 'Livros', 'Temos algumas reservas para doar', '10', current_timestamp(), '2', '7', '62943212040');
INSERT INTO `doacao` (`iddoacao`, `nomedoacao`, `descricaodoacao`, `quantidadedoacao`, `datadoacao`, `idrepresentante`, `idpedido`, `cpfdoador`) VALUES ('4', 'Notebooks', 'Possuimos algumas reservas para doar', '10', current_timestamp(), '1', '10', '62943212040');
INSERT INTO `doacao` (`iddoacao`, `nomedoacao`, `descricaodoacao`, `quantidadedoacao`, `datadoacao`, `idrepresentante`, `idpedido`, `cpfdoador`) VALUES ('5', 'Cadernos', 'Temos algumas reservas para doar', '10', current_timestamp(), '1', '5', '03760625096');
INSERT INTO `doacao` (`iddoacao`, `nomedoacao`, `descricaodoacao`, `quantidadedoacao`, `datadoacao`, `idrepresentante`, `idpedido`, `cpfdoador`) VALUES ('6', 'Computadores', 'Temos algumas reservaspara doar', '10', current_timestamp(), '1', '20', '62943212040');
INSERT INTO `doacao` (`iddoacao`, `nomedoacao`, `descricaodoacao`, `quantidadedoacao`, `datadoacao`, `idrepresentante`, `idpedido`, `cpfdoador`) VALUES ('7', 'Globos Terrestres', 'Possuimos algumas reservas  para doar', '10', current_timestamp(), '2', '30', '03760625096');
INSERT INTO `doacao` (`iddoacao`, `nomedoacao`, `descricaodoacao`, `quantidadedoacao`, `datadoacao`, `idrepresentante`, `idpedido`, `cpfdoador`) VALUES ('8', 'Livros de História', 'Temos algumas reservas para doar', '10', current_timestamp(), '1', '40', '62943212040');
INSERT INTO `doacao` (`iddoacao`, `nomedoacao`, `descricaodoacao`, `quantidadedoacao`, `datadoacao`, `idrepresentante`, `idpedido`, `cpfdoador`) VALUES ('9', 'Cadeiras', 'Temos algumas reservas para doar', '10', current_timestamp(), '1', '13', '03760625096');
INSERT INTO `doacao` (`iddoacao`, `nomedoacao`, `descricaodoacao`, `quantidadedoacao`, `datadoacao`, `idrepresentante`, `idpedido`, `cpfdoador`) VALUES ('10', 'Cronômetros', 'Possuimos algumas reservas para doar', '10', current_timestamp(), '2', '25', '62943212040');
INSERT INTO `doacao` (`iddoacao`, `nomedoacao`, `descricaodoacao`, `quantidadedoacao`, `datadoacao`, `idrepresentante`, `idpedido`, `cpfdoador`) VALUES ('11', 'Projetores de Slides', 'Possuimos algumas reservas para doar', '10', current_timestamp(), '1', '35', '03760625096');
INSERT INTO `doacao` (`iddoacao`, `nomedoacao`, `descricaodoacao`, `quantidadedoacao`, `datadoacao`, `idrepresentante`, `idpedido`, `cpfdoador`) VALUES ('12', 'Balança', 'Temos algumas reservas  para doar', '10', current_timestamp(), '2', '45', '62943212040');
INSERT INTO `doacao` (`iddoacao`, `nomedoacao`, `descricaodoacao`, `quantidadedoacao`, `datadoacao`, `idrepresentante`, `idpedido`, `cpfdoador`) VALUES ('13', 'Material Didático', 'Temos algumas reservas  para doar', '10', current_timestamp(), '1', '4', '03760625096');
INSERT INTO `doacao` (`iddoacao`, `nomedoacao`, `descricaodoacao`, `quantidadedoacao`, `datadoacao`, `idrepresentante`, `idpedido`, `cpfdoador`) VALUES ('14', 'Vidrarias', 'Possuimos algumas reservas para doar', '10', current_timestamp(), '1', '17', '62943212040');
INSERT INTO `doacao` (`iddoacao`, `nomedoacao`, `descricaodoacao`, `quantidadedoacao`, `datadoacao`, `idrepresentante`, `idpedido`, `cpfdoador`) VALUES ('15', 'Material de Arte', 'Temos algumas reservas para doar', '10', current_timestamp(), '2', '11', '03760625096');
INSERT INTO `doacao` (`iddoacao`, `nomedoacao`, `descricaodoacao`, `quantidadedoacao`, `datadoacao`, `idrepresentante`, `idpedido`, `cpfdoador`) VALUES ('16', 'Switchs', 'Temos alguns móveis para doar', '10', current_timestamp(), '1', '38', '62943212040');
INSERT INTO `doacao` (`iddoacao`, `nomedoacao`, `descricaodoacao`, `quantidadedoacao`, `datadoacao`, `idrepresentante`, `idpedido`, `cpfdoador`) VALUES ('17', 'Projetor Multimídia', 'Possuimos algumas reservas de moda para doar', '10', current_timestamp(), '1', '15', '03760625096');
INSERT INTO `doacao` (`iddoacao`, `nomedoacao`, `descricaodoacao`, `quantidadedoacao`, `datadoacao`, `idrepresentante`, `idpedido`, `cpfdoador`) VALUES ('18', 'Instrumentos Musicais', 'Temos algumas reservas para doar', '10', current_timestamp(), '2', '23', '62943212040');
INSERT INTO `doacao` (`iddoacao`, `nomedoacao`, `descricaodoacao`, `quantidadedoacao`, `datadoacao`, `idrepresentante`, `idpedido`, `cpfdoador`) VALUES ('19', 'Teclados Musicais', 'Temos algumas reservas para doar', '10', current_timestamp(), '2', '34', '03760625096');
INSERT INTO `doacao` (`iddoacao`, `nomedoacao`, `descricaodoacao`, `quantidadedoacao`, `datadoacao`, `idrepresentante`, `idpedido`, `cpfdoador`) VALUES ('20', 'Câmeras Fotográficas', 'Temos algumas reservas para doar', '10', current_timestamp(), '2', '48', '62943212040');
INSERT INTO `doacao` (`iddoacao`, `nomedoacao`, `descricaodoacao`, `quantidadedoacao`, `datadoacao`, `idrepresentante`, `idpedido`, `cpfdoador`) VALUES ('21', 'Mesas', 'Possuimos algumas reservas para doar', '10', current_timestamp(), '1', '16', '03760625096');
INSERT INTO `doacao` (`iddoacao`, `nomedoacao`, `descricaodoacao`, `quantidadedoacao`, `datadoacao`, `idrepresentante`, `idpedido`, `cpfdoador`) VALUES ('22', 'Microscópio', 'Temos algumas reservas para doar', '10', current_timestamp(), '2', '9', '62943212040');
INSERT INTO `doacao` (`iddoacao`, `nomedoacao`, `descricaodoacao`, `quantidadedoacao`, `datadoacao`, `idrepresentante`, `idpedido`, `cpfdoador`) VALUES ('23', 'Quadros Brancos', 'Possuimos algumas reservas para doar', '10', current_timestamp(), '1', '14', '03760625096');
